,多空未平倉口數淨額,多空未平倉口數淨額,多空未平倉口數淨額,多空未平倉口數淨額,多空未平倉契約淨額,多空未平倉契約淨額,多空未平倉契約淨額,多空未平倉契約淨額
年月日,91 自營商,92 投信,93 外資,99 合計,91 自營商,92 投信,93 外資,99 合計
2017/4/24,"-60,091","-38,340","-7,397","-105,828","-10,370,000","-72,698,000","93,472,000","10,404,000"
2017/4/25,"-21,093","-37,377","-1,720","-60,190","-4,036,000","-71,620,000","112,145,000","36,489,000"
2017/4/26,"-26,280","-36,794","19,919","-43,155","-9,783,000","-70,674,000","113,690,000","33,233,000"
2017/4/27,"-42,448","-37,004",-768,"-80,220","-10,695,000","-70,838,000","115,613,000","34,080,000"
2017/4/28,"-46,121","-36,727","-8,778","-91,626","-8,396,000","-70,422,000","118,864,000","40,046,000"
2017/5/2,"-23,957","-36,152","-1,872","-61,981","-9,066,000","-69,778,000","129,392,000","50,548,000"
2017/5/3,"-3,366","-35,827","7,350","-31,843","-10,027,000","-69,643,000","130,757,000","51,087,000"
2017/5/4,"-37,172","-35,871","7,265","-65,778","-3,625,000","-69,885,000","132,511,000","59,001,000"
2017/5/5,"-54,891","-37,057","-15,970","-107,918","-9,189,000","-71,565,000","124,843,000","44,089,000"
2017/5/8,"-57,027","-37,223","-14,068","-108,318","-5,076,000","-71,948,000","123,171,000","46,147,000"
2017/5/9,"-33,026","-37,410","12,319","-58,117","-6,835,000","-72,082,000","128,275,000","49,358,000"
2017/5/10,"-10,147","-36,956","29,703","-17,400","-2,985,000","-71,590,000","133,261,000","58,686,000"
2017/5/11,"-29,976","-36,400","24,745","-41,631","5,071,000","-70,783,000","136,433,000","70,721,000"
2017/5/12,"-49,562","-36,536","23,201","-62,897","1,955,000","-70,624,000","136,604,000","67,935,000"
2017/5/15,"-28,596","-36,587","28,615","-36,568","5,101,000","-70,990,000","136,294,000","70,405,000"
2017/5/16,"-29,652","-36,624","19,692","-46,584","-3,331,000","-71,012,000","131,043,000","56,700,000"
2017/5/17,"-37,851","-36,722","79,316","4,743","-12,064,000","-71,032,000","128,802,000","45,706,000"
2017/5/18,"-53,061","-37,530","61,946","-28,645","-14,043,000","-72,429,000","136,676,000","50,204,000"
2017/5/19,"-77,316","-37,510","46,270","-68,556","-14,485,000","-72,251,000","128,010,000","41,274,000"
2017/5/22,"-83,963","-37,642","44,316","-77,289","-5,904,000","-72,820,000","128,328,000","49,604,000"
2017/5/23,"-79,898","-37,629","59,503","-58,024","-4,702,000","-72,943,000","133,479,000","55,834,000"
2017/5/24,"-44,076","-37,656","67,591","-14,141","-2,446,000","-73,186,000","135,945,000","60,313,000"
2017/5/25,"-52,803","-37,125","77,039","-12,889","-3,060,000","-72,646,000","149,938,000","74,232,000"
2017/5/26,"-65,690","-37,788","70,544","-32,934","-7,851,000","-73,181,000","139,217,000","58,185,000"
2017/5/31,"-55,058","-38,757","62,020","-31,795","-7,977,000","-74,634,000","123,943,000","41,332,000"
2017/6/1,"-75,931","-38,205","61,237","-52,899","-581,000","-73,956,000","121,083,000","46,546,000"
2017/6/2,"-82,576","-37,277","62,862","-56,991","1,671,000","-72,545,000","123,857,000","52,983,000"
2017/6/3,"-84,945","-37,319","63,154","-59,110","930,000","-72,789,000","125,189,000","53,330,000"
2017/6/5,"-62,544","-36,844","58,206","-41,182","8,032,000","-72,157,000","127,704,000","63,579,000"
2017/6/6,"-62,706","-36,979","52,818","-46,867","6,740,000","-72,259,000","124,964,000","59,445,000"
2017/6/7,"-58,438","-37,027","60,669","-34,796","3,157,000","-72,295,000","127,271,000","58,133,000"
2017/6/8,"-72,534","-36,980","56,116","-53,398","9,167,000","-72,366,000","127,045,000","63,846,000"
2017/6/9,"-75,582","-37,165","61,195","-51,552","1,270,000","-72,610,000","130,089,000","58,749,000"
2017/6/12,"-58,368","-38,603","39,754","-57,217","-8,257,000","-74,966,000","128,939,000","45,716,000"
2017/6/13,"-68,462","-38,064","36,394","-70,132","-6,310,000","-74,061,000","125,710,000","45,339,000"
2017/6/14,"-99,858","-38,560","24,267","-114,151","-6,136,000","-74,430,000","112,891,000","32,325,000"
2017/6/15,"-130,213","-38,763","25,844","-143,132","-1,726,000","-74,700,000","112,305,000","35,879,000"
2017/6/16,"-111,045","-36,970","35,423","-112,592","-5,791,000","-71,511,000","121,932,000","44,630,000"
2017/6/19,"-85,178","-36,353","34,557","-86,974","-3,204,000","-70,375,000","122,726,000","49,147,000"
2017/6/20,"-42,547","-36,063","48,702","-29,908","-3,138,000","-70,111,000","124,688,000","51,439,000"
2017/6/21,"-85,718","-35,368","105,863","-15,223","-20,609,000","-69,753,000","132,740,000","42,378,000"
2017/6/22,"-109,676","-35,027","97,899","-46,804","-16,475,000","-69,438,000","130,429,000","44,516,000"
2017/6/23,"-129,134","-34,211","96,277","-67,068","-21,846,000","-67,701,000","128,161,000","38,614,000"
2017/6/26,"-110,857","-32,964","96,144","-47,677","-10,002,000","-66,254,000","122,283,000","46,027,000"
2017/6/27,"-134,421","-32,850","88,080","-79,191","-10,260,000","-65,931,000","110,870,000","34,679,000"
2017/6/28,"-146,270","-33,540","64,013","-115,797","-16,566,000","-66,666,000","109,609,000","26,377,000"
2017/6/29,"-151,575","-34,115","48,666","-137,024","-15,405,000","-67,380,000","110,032,000","27,247,000"
2017/6/30,"-169,390","-34,517","37,995","-165,912","-14,014,000","-67,935,000","105,687,000","23,738,000"
2017/7/3,"-153,958","-34,444","33,491","-154,911","-8,169,000","-68,031,000","103,108,000","26,908,000"
2017/7/4,"-136,651","-34,762","18,669","-152,744","-12,279,000","-68,205,000","99,069,000","18,585,000"
2017/7/5,"-139,339","-34,364","28,603","-145,100","-11,051,000","-67,983,000","110,075,000","31,041,000"
2017/7/6,"-187,838","-34,305","9,692","-212,451","-9,505,000","-67,655,000","96,572,000","19,412,000"
2017/7/7,"-199,933","-35,290",-299,"-235,522","-8,704,000","-69,217,000","88,840,000","10,919,000"
2017/7/10,"-183,414","-35,309","-4,796","-223,519","-12,340,000","-69,277,000","90,708,000","9,091,000"
2017/7/11,"-124,152","-33,623","-2,599","-160,374","-619,000","-66,696,000","98,749,000","31,434,000"
2017/7/12,"-131,511","-33,382","-34,241","-199,134","-2,373,000","-66,083,000","88,271,000","19,815,000"
2017/7/13,"-107,755","-32,693","-33,566","-174,014","2,175,000","-65,116,000","96,191,000","33,250,000"
2017/7/14,"-131,158","-32,691","-43,256","-207,105","2,879,000","-64,921,000","92,129,000","30,087,000"
2017/7/17,"-118,209","-32,615","-47,347","-198,171","5,460,000","-64,597,000","88,420,000","29,283,000"
2017/7/18,"-105,090","-32,379","-54,614","-192,083","11,121,000","-64,256,000","86,628,000","33,493,000"
2017/7/19,"-37,884","-32,058","27,757","-42,185","-17,419,000","-64,697,000","99,772,000","17,656,000"
2017/7/20,"-73,240","-32,077","7,383","-97,934","-16,657,000","-64,726,000","93,964,000","12,581,000"
2017/7/21,"-103,423","-32,740","-4,694","-140,857","-18,511,000","-65,707,000","87,545,000","3,327,000"
2017/7/24,"-75,863","-33,202",-630,"-109,695","-18,958,000","-66,866,000","99,396,000","13,572,000"
2017/7/25,"-85,579","-33,218","-8,594","-127,391","-11,876,000","-66,919,000","90,342,000","11,547,000"
2017/7/26,"-89,312","-32,567","-8,134","-130,013","-14,239,000","-65,367,000","86,524,000","6,918,000"
2017/7/27,"-43,222","-32,332","1,530","-74,024","-15,233,000","-65,100,000","105,589,000","25,256,000"
2017/7/28,"-101,013","-33,783","-36,894","-171,690","-10,890,000","-67,067,000","82,823,000","4,866,000"
2017/7/31,"-81,224","-34,122","-41,485","-156,831","-12,270,000","-67,848,000","85,934,000","5,816,000"
2017/8/1,"-66,544","-33,546","-43,215","-143,305","-12,481,000","-66,646,000","82,980,000","3,853,000"
2017/8/2,"-56,234","-33,012","-23,521","-112,767","-9,276,000","-66,094,000","95,863,000","20,493,000"
2017/8/3,"-102,255","-33,633","-60,173","-196,061","-5,963,000","-67,170,000","89,247,000","16,114,000"
2017/8/4,"-100,195","-33,555","-68,835","-202,585","-1,610,000","-67,213,000","92,521,000","23,698,000"
2017/8/7,"-61,579","-32,895","-73,568","-168,042","-736,000","-66,407,000","96,473,000","29,330,000"
2017/8/8,"-82,617","-32,892","-92,477","-207,986","2,571,000","-66,371,000","91,748,000","27,948,000"
2017/8/9,"-97,700","-33,221","-99,702","-230,623","-3,933,000","-66,644,000","88,011,000","17,434,000"
2017/8/10,"-78,653","-34,492","-181,516","-294,661","-12,624,000","-68,027,000","73,997,000","-6,654,000"
2017/8/11,"-68,290","-34,508","-214,765","-317,563","-14,748,000","-67,865,000","78,002,000","-4,611,000"
2017/8/14,"-82,058","-36,687","-205,951","-324,696","-19,381,000","-69,172,000","82,283,000","-6,270,000"
2017/8/15,"-70,537","-36,420","-207,090","-314,047","-8,197,000","-69,460,000","78,237,000","580,000"
2017/8/16,"-33,331","-34,824","-33,616","-101,771","-13,198,000","-69,108,000","79,662,000","-2,644,000"
2017/8/17,"-33,638","-34,190","-36,488","-104,316","-13,998,000","-68,298,000","92,062,000","9,766,000"
2017/8/18,"-69,086","-34,074","-51,294","-154,454","-13,040,000","-67,798,000","91,845,000","11,007,000"
2017/8/21,"-60,845","-34,039","-52,662","-147,546","-10,084,000","-67,803,000","94,508,000","16,621,000"
2017/8/22,"-16,606","-33,501","-38,309","-88,416","-16,107,000","-67,217,000","104,380,000","21,056,000"
2017/8/23,"-5,158","-33,316","-36,842","-75,316","-16,699,000","-66,931,000","98,640,000","15,010,000"
2017/8/24,"21,233","-32,570","-29,017","-40,354","-17,770,000","-65,945,000","120,951,000","37,236,000"
2017/8/25,"-3,573","-32,258","-36,170","-72,001","-14,543,000","-65,537,000","119,550,000","39,470,000"
2017/8/28,"-2,061","-33,119","-41,717","-76,897","-16,458,000","-67,768,000","122,615,000","38,389,000"
2017/8/29,"-21,120","-33,283","-51,168","-105,571","-19,307,000","-67,948,000","119,799,000","32,544,000"
2017/8/30,"27,687","-33,803","-43,798","-49,914","-21,342,000","-69,472,000","126,983,000","36,169,000"
2017/8/31,"28,465","-34,046","-46,979","-52,560","-20,189,000","-70,111,000","125,854,000","35,554,000"
2017/9/1,"56,263","-34,013","-44,557","-22,307","-20,808,000","-70,209,000","133,669,000","42,652,000"
2017/9/4,"53,925","-34,069","-48,125","-28,269","-22,694,000","-70,179,000","137,725,000","44,852,000"
2017/9/5,"17,430","-35,734","-59,300","-77,604","-19,714,000","-73,731,000","133,735,000","40,290,000"
2017/9/6,"11,659","-37,053","-70,606","-96,000","-23,767,000","-76,076,000","129,057,000","29,214,000"
2017/9/7,"19,547","-38,322","-78,998","-97,773","-27,483,000","-78,522,000","129,719,000","23,714,000"
2017/9/8,"54,600","-40,559","-71,473","-57,432","-25,112,000","-83,675,000","149,822,000","41,035,000"
2017/9/11,"11,630","-40,960","-98,073","-127,403","-20,554,000","-84,566,000","135,021,000","29,901,000"
2017/9/12,"8,934","-41,280","-91,418","-123,764","-19,883,000","-85,333,000","139,351,000","34,135,000"
2017/9/13,"-6,988","-42,487","-109,738","-159,213","-22,284,000","-87,312,000","128,135,000","18,539,000"
2017/9/14,"15,752","-42,647","-113,203","-140,098","-21,348,000","-87,738,000","132,849,000","23,763,000"
2017/9/15,150,"-42,616","-115,867","-158,333","-20,399,000","-87,947,000","140,950,000","32,604,000"
2017/9/18,"23,478","-41,662","-112,621","-130,805","-20,583,000","-86,425,000","148,829,000","41,821,000"
2017/9/19,"-58,095","-42,278","-126,113","-226,486","-11,359,000","-87,127,000","120,820,000","22,334,000"
2017/9/20,"-8,180","-43,706","-44,245","-96,131","-25,572,000","-89,389,000","117,749,000","2,788,000"
2017/9/21,"25,818","-43,028","-49,224","-66,434","-22,142,000","-88,475,000","127,422,000","16,805,000"
2017/9/22,"-30,258","-43,674","-75,851","-149,783","-28,736,000","-88,616,000","106,229,000","-11,123,000"
2017/9/25,"-55,412","-44,210","-87,405","-187,027","-29,882,000","-89,763,000","99,576,000","-20,069,000"
2017/9/26,"-70,222","-44,626","-83,320","-198,168","-32,599,000","-90,130,000","99,810,000","-22,919,000"
2017/9/27,"-15,889","-42,415","-86,488","-144,792","-28,005,000","-86,097,000","101,718,000","-12,384,000"
2017/9/28,"-17,942","-40,564","-99,830","-158,336","-28,453,000","-81,691,000","92,407,000","-17,737,000"
2017/9/29,"3,123","-40,754","-99,400","-137,031","-30,096,000","-82,186,000","95,628,000","-16,654,000"
2017/9/30,"12,626","-39,516","-95,111","-122,001","-26,545,000","-80,120,000","97,526,000","-9,139,000"
2017/10/2,"24,651","-37,481","-77,157","-89,987","-24,243,000","-76,408,000","107,786,000","7,135,000"
2017/10/3,"2,913","-36,422","-75,366","-108,875","-16,650,000","-74,288,000","104,342,000","13,404,000"
2017/10/5,"1,319","-35,927","-69,783","-104,391","-19,831,000","-73,466,000","115,324,000","22,027,000"
2017/10/6,"-10,773","-35,800","-70,350","-116,923","-17,081,000","-73,471,000","115,661,000","25,109,000"
2017/10/11,"21,924","-34,939","-66,131","-79,146","-13,456,000","-72,425,000","130,213,000","44,332,000"
2017/10/12,"33,811","-34,649","-67,946","-68,784","-8,268,000","-71,845,000","133,986,000","53,873,000"
2017/10/13,"18,306","-34,706","-77,849","-94,249","-4,293,000","-72,034,000","131,045,000","54,718,000"
2017/10/16,"25,458","-34,489","-83,338","-92,369","-5,335,000","-71,787,000","127,102,000","49,980,000"
2017/10/17,"48,102","-34,767","-85,674","-72,339","-9,242,000","-72,050,000","127,733,000","46,441,000"
2017/10/18,"53,549","-34,574","-36,516","-17,541","-20,287,000","-72,048,000","132,374,000","40,039,000"
2017/10/19,"69,132","-33,763","-33,353","2,016","-19,852,000","-70,558,000","130,868,000","40,458,000"
2017/10/20,"51,434","-33,854","-30,627","-13,047","-24,363,000","-70,534,000","133,217,000","38,320,000"
2017/10/23,"25,811","-33,797","-35,690","-43,676","-17,658,000","-70,454,000","127,600,000","39,488,000"
2017/10/24,"27,077","-33,021","-47,949","-53,893","-20,556,000","-68,832,000","129,464,000","40,076,000"
2017/10/25,"45,249","-33,563","-60,154","-48,468","-20,577,000","-68,957,000","121,790,000","32,256,000"
2017/10/26,"52,939","-33,399","-67,339","-47,799","-23,605,000","-68,525,000","122,782,000","30,652,000"
2017/10/27,"38,414","-34,108","-90,514","-86,208","-22,510,000","-69,609,000","120,347,000","28,228,000"
2017/10/30,"15,127","-32,989","-87,375","-105,237","-18,730,000","-67,452,000","126,907,000","40,725,000"
2017/10/31,"12,215","-33,123","-97,836","-118,744","-10,845,000","-67,970,000","124,519,000","45,704,000"
2017/11/1,"29,394","-32,265","-104,255","-107,126","-11,901,000","-67,297,000","116,102,000","36,904,000"
2017/11/2,"18,968","-32,402","-108,567","-122,001","-14,293,000","-67,418,000","116,244,000","34,533,000"
2017/11/3,"-14,742","-32,745","-117,818","-165,305","-11,704,000","-68,195,000","110,675,000","30,776,000"
2017/11/6,"-15,465","-32,208","-132,285","-179,958","-11,253,000","-66,940,000","105,941,000","27,748,000"
2017/11/7,"-2,659","-31,816","-135,329","-169,804","-6,167,000","-66,419,000","114,964,000","42,378,000"
2017/11/8,"9,730","-31,792","-135,865","-157,927","-6,715,000","-66,310,000","107,501,000","34,476,000"
2017/11/9,"-7,361","-32,144","-141,937","-181,442","-10,964,000","-67,860,000","101,207,000","22,383,000"
2017/11/10,"-3,676","-32,184","-144,663","-180,523","-13,427,000","-67,977,000","105,382,000","23,978,000"
2017/11/13,"-9,429","-32,515","-145,451","-187,395","-15,911,000","-68,392,000","106,832,000","22,529,000"
2017/11/14,"-36,809","-32,024","-148,020","-216,853","-8,645,000","-67,309,000","100,000,000","24,046,000"
2017/11/15,"39,116","-33,670","-130,988","-125,542","-15,940,000","-68,508,000","86,088,000","1,640,000"
2017/11/16,"32,430","-33,690","-118,885","-120,145","-16,162,000","-68,588,000","89,633,000","4,883,000"
2017/11/17,"40,768","-33,430","-98,181","-90,843","-17,406,000","-68,741,000","108,252,000","22,105,000"
2017/11/20,"3,611","-34,117","-105,736","-136,242","-15,589,000","-69,944,000","97,852,000","12,319,000"
2017/11/21,"20,459","-33,315","-98,701","-111,557","-12,406,000","-68,955,000","102,199,000","20,838,000"
2017/11/22,"23,021","-34,192","-103,151","-114,322","-10,058,000","-71,004,000","108,571,000","27,509,000"
2017/11/23,"18,407","-33,749","-105,610","-120,952","-7,789,000","-70,799,000","107,582,000","28,994,000"
2017/11/24,"-5,437","-35,059","-111,164","-151,660","-7,581,000","-72,802,000","105,927,000","25,544,000"
2017/11/27,"-45,449","-36,267","-129,691","-211,407","-13,889,000","-74,683,000","92,994,000","4,422,000"
2017/11/28,"-36,438","-36,345","-135,909","-208,692","-22,316,000","-74,562,000","91,597,000","-5,281,000"
2017/11/29,"-13,136","-35,664","-140,936","-189,736","-19,495,000","-74,087,000","92,175,000","-1,407,000"
2017/11/30,"-54,715","-35,726","-163,676","-254,117","-21,986,000","-74,146,000","77,851,000","-18,281,000"
2017/12/1,"-62,211","-35,732","-176,507","-274,450","-20,840,000","-73,546,000","84,700,000","-9,686,000"
2017/12/4,"-45,384","-35,569","-182,481","-263,434","-20,083,000","-73,517,000","87,429,000","-6,171,000"
2017/12/5,"-58,314","-35,896","-190,760","-284,970","-20,983,000","-73,661,000","85,874,000","-8,770,000"
2017/12/6,"-35,643","-36,043","-200,725","-272,411","-25,572,000","-74,351,000","80,924,000","-18,999,000"
2017/12/7,"-37,965","-36,028","-211,244","-285,237","-27,047,000","-73,029,000","79,400,000","-20,676,000"
2017/12/8,"-35,233","-35,641","-213,522","-284,396","-24,942,000","-71,804,000","74,306,000","-22,440,000"
2017/12/11,"-8,443","-36,389","-219,241","-264,073","-25,223,000","-70,171,000","79,860,000","-15,534,000"
2017/12/12,"-27,345","-36,857","-227,353","-291,555","-22,945,000","-70,807,000","79,949,000","-13,803,000"
2017/12/13,"-2,311","-36,999","-218,831","-258,141","-26,552,000","-70,328,000","86,005,000","-10,875,000"
2017/12/14,"12,344","-36,686","-215,816","-240,158","-28,017,000","-70,175,000","94,561,000","-3,631,000"
2017/12/15,"-38,640","-37,919","-230,372","-306,931","-16,461,000","-72,422,000","82,057,000","-6,826,000"
2017/12/18,"-19,780","-37,654","-231,271","-288,705","-16,292,000","-71,766,000","80,142,000","-7,916,000"
2017/12/19,"-22,275","-36,603","-219,562","-278,440","-22,261,000","-71,331,000","88,678,000","-4,914,000"
2017/12/20,"-26,627","-38,057","-66,123","-130,807","-19,158,000","-73,080,000","98,311,000","6,073,000"
2017/12/21,"-29,926","-38,328","-86,148","-154,402","-20,884,000","-73,606,000","92,331,000","-2,159,000"
2017/12/22,"-37,994","-37,682","-95,802","-171,478","-20,665,000","-72,513,000","96,028,000","2,850,000"
2017/12/25,"-45,866","-37,808","-94,429","-178,103","-22,800,000","-72,727,000","97,061,000","1,534,000"
2017/12/26,"-45,640","-40,125","-103,642","-189,407","-25,937,000","-75,094,000","90,257,000","-10,774,000"
2017/12/27,"-2,012","-39,587","-89,062","-130,661","-27,048,000","-76,244,000","103,679,000","387,000"
2017/12/28,"-20,125","-39,063","-83,531","-142,719","-24,790,000","-75,821,000","111,032,000","10,421,000"
2017/12/29,"-27,069","-37,859","-103,275","-168,203","-20,624,000","-73,695,000","106,770,000","12,451,000"
2018/1/2,"21,387","-38,143","-115,995","-132,751","-14,686,000","-74,824,000","115,840,000","26,330,000"
2018/1/3,"17,812","-36,703","-111,069","-129,960","-11,787,000","-75,228,000","114,155,000","27,140,000"
2018/1/4,"9,532","-37,190","-118,833","-146,491","-9,987,000","-75,556,000","117,746,000","32,203,000"
2018/1/5,"10,281","-37,268","-124,840","-151,827","-11,582,000","-75,834,000","118,611,000","31,195,000"
2018/1/8,"-1,250","-37,337","-127,729","-166,316","-5,369,000","-76,161,000","114,815,000","33,285,000"
2018/1/9,"17,631","-37,045","-118,586","-138,000","-7,174,000","-75,862,000","123,290,000","40,254,000"
2018/1/10,"30,276","-36,387","-122,275","-128,386","-16,419,000","-74,703,000","123,328,000","32,206,000"
2018/1/11,"3,355","-38,041","-130,288","-164,974","-13,889,000","-74,010,000","121,000,000","33,101,000"
2018/1/12,"23,435","-36,883","-126,596","-140,044","-16,188,000","-72,081,000","128,110,000","39,841,000"
2018/1/15,"9,192","-36,056","-138,103","-164,967","-5,067,000","-70,813,000","119,673,000","43,793,000"
2018/1/16,"36,126","-36,168","-139,653","-139,695","-6,402,000","-71,033,000","114,385,000","36,950,000"
2018/1/17,"-27,215","-33,797","-12,852","-73,864","-15,957,000","-69,946,000","121,190,000","35,287,000"
2018/1/18,"-37,925","-31,496","-33,917","-103,338","-17,106,000","-64,863,000","112,438,000","30,469,000"
2018/1/19,"-34,565","-32,334","-34,874","-101,773","-14,235,000","-66,569,000","116,088,000","35,284,000"
2018/1/22,"-71,959","-32,745","-66,026","-170,730","-3,199,000","-68,002,000","98,916,000","27,715,000"
2018/1/23,"-80,415","-34,820","-84,270","-199,505","290,000","-72,750,000","89,666,000","17,206,000"
2018/1/24,"-60,696","-34,723","-86,328","-181,747","-7,776,000","-77,202,000","95,546,000","10,568,000"
2018/1/25,"-33,500","-37,087","-111,502","-182,089","-10,789,000","-80,025,000","108,707,000","17,893,000"
2018/1/26,"-49,138","-38,568","-116,416","-204,122","-14,489,000","-82,189,000","109,069,000","12,391,000"
2018/1/29,"-56,188","-39,686","-121,158","-217,032","-8,002,000","-82,537,000","103,922,000","13,383,000"
2018/1/30,"-60,654","-41,313","-119,855","-221,822","-16,141,000","-83,066,000","112,646,000","13,439,000"
2018/1/31,"-40,484","-40,570","-119,538","-200,592","-18,561,000","-83,029,000","116,833,000","15,243,000"
2018/2/1,"-34,336","-40,459","-153,726","-228,521","-15,657,000","-82,489,000","112,723,000","14,577,000"
2018/2/2,"-39,365","-40,712","-170,904","-250,981","-13,448,000","-82,710,000","102,881,000","6,723,000"
2018/2/5,"-54,490","-40,137","-176,822","-271,449","-13,480,000","-81,866,000","89,517,000","-5,829,000"
2018/2/6,"13,789","-40,894","-70,977","-98,082","-25,539,000","-83,114,000","90,022,000","-18,631,000"
2018/2/7,"7,215","-39,083","-53,230","-85,098","-23,500,000","-80,460,000","103,696,000","-264,000"
2018/2/8,"2,048","-39,145","-59,151","-96,248","-23,280,000","-80,501,000","99,615,000","-4,166,000"
2018/2/9,"-14,458","-39,108","-66,779","-120,345","-17,745,000","-80,305,000","90,344,000","-7,706,000"
2018/2/12,"4,851","-36,351","-81,397","-112,897","-15,145,000","-78,495,000","90,536,000","-3,104,000"
2018/2/21,"2,881","-36,831","15,513","-18,437","-14,356,000","-75,548,000","104,251,000","14,347,000"
2018/2/22,"-8,058","-37,207","3,117","-42,148","-14,351,000","-75,895,000","90,052,000","-194,000"
2018/2/23,"8,345","-35,898","14,070","-13,483","-14,725,000","-73,929,000","104,551,000","15,897,000"
2018/2/26,"-7,552","-35,325","4,826","-38,051","-13,419,000","-72,945,000","95,079,000","8,715,000"
2018/2/27,"5,787","-35,255","3,192","-26,276","-16,880,000","-72,587,000","97,845,000","8,378,000"
2018/3/1,"1,477","-35,720","3,626","-30,617","-17,300,000","-73,981,000","98,120,000","6,839,000"
2018/3/2,"-9,623","-36,276",-369,"-46,268","-18,021,000","-75,258,000","98,226,000","4,947,000"
2018/3/5,"-15,424","-36,631","-4,001","-56,056","-18,179,000","-75,695,000","95,202,000","1,328,000"
2018/3/6,"6,053","-37,500","-1,385","-32,832","-14,636,000","-74,805,000","104,903,000","15,462,000"
2018/3/7,"14,834","-37,684","-4,930","-27,780","-17,789,000","-74,445,000","99,754,000","7,520,000"
2018/3/8,"36,717","-37,416","-4,846","-5,545","-15,650,000","-73,798,000","111,443,000","21,995,000"
2018/3/9,"32,317","-36,438","-11,267","-15,388","-17,081,000","-71,908,000","109,482,000","20,493,000"
2018/3/12,"64,308","-34,919","-5,818","23,571","-14,990,000","-69,625,000","118,280,000","33,665,000"
2018/3/13,"73,677","-34,133","-2,644","36,900","-12,108,000","-68,369,000","118,132,000","37,655,000"
2018/3/14,"26,324","-33,926","-13,266","-20,868","-12,724,000","-67,969,000","110,477,000","29,784,000"
2018/3/15,"29,357","-34,058","-15,944","-20,645","-14,900,000","-68,132,000","112,688,000","29,656,000"
2018/3/16,26,"-34,628","-37,370","-71,972","-8,999,000","-68,670,000","96,046,000","18,377,000"
2018/3/19,"16,283","-35,005","-38,762","-57,484","-10,861,000","-69,524,000","99,935,000","19,550,000"
2018/3/20,"1,892","-34,977","-38,652","-71,737","-9,457,000","-69,467,000","100,368,000","21,444,000"
2018/3/21,"-3,868","-34,145","19,819","-18,194","-15,750,000","-69,276,000","98,930,000","13,904,000"
2018/3/22,"7,283","-35,866","11,050","-17,533","-18,052,000","-71,000,000","100,760,000","11,708,000"
2018/3/23,"-5,766","-36,424","13,465","-28,725","-19,188,000","-72,184,000","96,261,000","4,889,000"
2018/3/26,"-23,667","-36,894","8,781","-51,780","-15,449,000","-73,432,000","105,362,000","16,481,000"
2018/3/27,405,"-36,144","-3,741","-39,480","-15,715,000","-72,567,000","103,145,000","14,863,000"
2018/3/28,"7,112","-34,786","-14,905","-42,579","-19,639,000","-73,082,000","89,221,000","-3,500,000"
2018/3/29,"4,046","-35,018","-27,109","-58,081","-18,913,000","-73,377,000","92,126,000","-164,000"
2018/3/30,"28,574","-34,508","-20,649","-26,583","-21,249,000","-72,797,000","106,716,000","12,670,000"
2018/3/31,"25,290","-35,429","-20,727","-30,866","-22,362,000","-72,780,000","106,837,000","11,695,000"
2018/4/2,"21,442","-36,660","-22,866","-38,084","-22,326,000","-72,982,000","105,774,000","10,466,000"
2018/4/3,"-5,413","-36,591","-34,119","-76,123","-22,440,000","-73,611,000","99,136,000","3,085,000"
2018/4/9,"2,851","-35,230","-17,752","-50,131","-16,835,000","-71,439,000","109,567,000","21,293,000"
2018/4/10,"17,469","-33,770","-24,811","-41,112","-18,868,000","-68,534,000","109,636,000","22,234,000"
2018/4/11,"16,335","-31,115","-39,217","-53,997","-11,554,000","-67,042,000","107,625,000","29,029,000"
2018/4/12,"-3,018","-30,291","-65,977","-99,286","-8,682,000","-65,015,000","91,027,000","17,330,000"
2018/4/13,"15,021","-29,071","-65,232","-79,282","-7,547,000","-62,422,000","96,209,000","26,240,000"
2018/4/16,-691,"-28,768","-72,168","-101,627","-6,880,000","-61,603,000","91,035,000","22,552,000"
2018/4/17,"-27,764","-29,366","-74,574","-131,704","-15,939,000","-62,807,000","78,558,000","-188,000"
2018/4/18,"-11,521","-31,436","44,136","1,179","-10,141,000","-63,047,000","85,199,000","12,011,000"
2018/4/19,"15,619","-31,001","68,285","52,903","-9,911,000","-61,594,000","114,349,000","42,844,000"
2018/4/20,"-29,640","-32,047","24,933","-36,754","-19,728,000","-62,545,000","61,095,000","-21,178,000"
2018/4/23,"-56,368","-32,289","16,001","-72,656","-19,122,000","-62,507,000","57,450,000","-24,179,000"
2018/4/24,"-83,884","-32,341","10,058","-106,167","-22,000,000","-62,008,000","55,189,000","-28,819,000"
2018/4/25,"-69,619","-29,378","8,334","-90,663","-13,773,000","-60,291,000","55,840,000","-18,224,000"
2018/4/26,"-67,210","-29,289","12,307","-84,192","-18,817,000","-58,908,000","53,913,000","-23,812,000"
2018/4/27,"-56,905","-30,312","22,266","-64,951","-17,896,000","-58,477,000","64,704,000","-11,669,000"
2018/4/30,"-35,699","-29,668","19,154","-46,213","-16,698,000","-57,254,000","61,759,000","-12,193,000"
2018/5/2,"-62,065","-28,277","26,105","-64,237","-13,514,000","-56,046,000","60,988,000","-8,572,000"
2018/5/3,"-76,502","-28,155","19,248","-85,409","-15,964,000","-55,244,000","52,714,000","-18,494,000"
2018/5/4,"-82,320","-28,050","26,399","-83,971","-13,490,000","-55,110,000","53,000,000","-15,600,000"
2018/5/7,"-82,886","-27,478","25,309","-85,055","-10,200,000","-54,272,000","49,538,000","-14,934,000"
2018/5/8,"-55,434","-27,142","39,665","-42,911","-8,541,000","-53,932,000","65,733,000","3,260,000"
2018/5/9,"-58,243","-26,839","47,357","-37,725","-7,259,000","-53,538,000","76,217,000","15,420,000"
2018/5/10,"-53,953","-26,464","39,691","-40,726","-3,064,000","-53,668,000","74,120,000","17,388,000"
2018/5/11,"-22,837","-26,201","59,284","10,246","-8,301,000","-53,633,000","94,450,000","32,516,000"
2018/5/14,"-26,978","-26,219","66,288","13,091","-3,904,000","-53,955,000","94,107,000","36,248,000"
2018/5/15,"-46,880","-26,679","66,652","-6,907","-6,089,000","-54,265,000","89,239,000","28,885,000"
2018/5/16,"-21,683","-26,194","75,007","27,130","-11,455,000","-54,027,000","97,223,000","31,741,000"
2018/5/17,"-33,083","-27,230","62,350","2,037","-12,088,000","-53,864,000","82,786,000","16,834,000"
2018/5/18,"-31,982","-27,618","58,817",-783,"-14,805,000","-53,887,000","85,364,000","16,672,000"
2018/5/21,"-26,659","-27,932","64,014","9,423","-11,807,000","-53,683,000","95,494,000","30,004,000"
2018/5/22,"-44,486","-28,476","53,199","-19,763","-7,075,000","-54,655,000","85,572,000","23,842,000"
2018/5/23,"-41,204","-28,582","62,372","-7,414","-12,692,000","-55,279,000","87,598,000","19,627,000"
2018/5/24,"-33,358","-28,842","64,964","2,764","-7,599,000","-55,466,000","94,162,000","31,097,000"
2018/5/25,"-14,831","-28,896","70,919","27,192","-10,691,000","-55,567,000","101,426,000","35,168,000"
2018/5/28,"-23,997","-28,669","64,121","11,455","-6,412,000","-54,981,000","98,056,000","36,663,000"
2018/5/29,"-38,536","-28,690","56,288","-10,938","-3,454,000","-54,707,000","93,877,000","35,716,000"
2018/5/30,"-57,480","-28,972","43,915","-42,537","-14,533,000","-55,406,000","75,007,000","5,068,000"
2018/5/31,"-54,503","-28,655","46,599","-36,559","-13,027,000","-55,153,000","85,487,000","17,307,000"
2018/6/1,"-25,101","-28,921","49,247","-4,775","-11,567,000","-55,408,000","98,905,000","31,930,000"
2018/6/4,"-22,166","-28,949","60,428","9,313","-8,792,000","-55,908,000","111,328,000","46,628,000"
2018/6/5,"-37,064","-27,049","58,921","-5,192","-9,152,000","-56,507,000","109,401,000","43,742,000"
2018/6/6,"-20,153","-26,801","68,114","21,160","-14,737,000","-56,547,000","128,535,000","57,251,000"
2018/6/7,"-37,744","-26,972","53,261","-11,455","-12,468,000","-57,071,000","119,823,000","50,284,000"
2018/6/8,"-43,922","-27,644","41,171","-30,395","-14,009,000","-57,748,000","113,636,000","41,879,000"
2018/6/11,"-53,136","-27,837","26,702","-54,271","-17,700,000","-58,194,000","110,962,000","35,068,000"
2018/6/12,"-73,303","-27,775","15,103","-85,975","-17,138,000","-58,442,000","110,204,000","34,624,000"
2018/6/13,"-51,543","-27,624","10,533","-68,634","-14,344,000","-58,444,000","108,253,000","35,465,000"
2018/6/14,"-67,419","-28,193","-4,947","-100,559","-18,389,000","-58,670,000","91,256,000","14,197,000"
2018/6/15,"-50,124","-28,165","-10,405","-88,694","-19,598,000","-58,352,000","95,762,000","17,812,000"
2018/6/19,"-98,352","-28,789","-23,590","-150,731","-13,776,000","-58,818,000","78,338,000","5,744,000"
2018/6/20,"-78,503","-28,257","28,797","-77,963","-25,711,000","-58,575,000","80,979,000","-3,307,000"
2018/6/21,"-91,542","-28,227","18,890","-100,879","-24,422,000","-57,964,000","70,430,000","-11,956,000"
2018/6/22,"-99,187","-27,713","8,179","-118,721","-31,300,000","-56,644,000","65,206,000","-22,738,000"
2018/6/25,"-101,313","-27,724",42,"-128,995","-26,233,000","-56,315,000","62,183,000","-20,365,000"
2018/6/26,"-117,829","-27,100","-6,588","-151,517","-26,244,000","-55,970,000","58,398,000","-23,816,000"
2018/6/27,"-109,967","-27,413","-7,079","-144,459","-23,332,000","-56,427,000","59,340,000","-20,419,000"
2018/6/28,"-103,476","-27,313","-21,854","-152,643","-26,757,000","-56,070,000","54,035,000","-28,792,000"
2018/6/29,"-74,358","-26,494","-14,483","-115,335","-24,476,000","-54,626,000","68,870,000","-10,232,000"
2018/7/2,"-81,722","-26,799","-17,867","-126,388","-20,922,000","-54,955,000","69,498,000","-6,379,000"
2018/7/3,"-98,567","-26,963","-26,957","-152,487","-18,433,000","-55,373,000","61,628,000","-12,178,000"
2018/7/4,"-105,816","-28,417","-12,837","-147,070","-18,433,000","-55,087,000","59,303,000","-14,217,000"
2018/7/5,"-121,180","-28,988","-37,489","-187,657","-20,549,000","-55,700,000","43,163,000","-33,086,000"
2018/7/6,"-132,135","-28,905","-45,078","-206,118","-19,207,000","-55,728,000","50,187,000","-24,748,000"
2018/7/9,"-85,883","-27,680","-28,608","-142,171","-20,659,000","-53,779,000","65,392,000","-9,046,000"
2018/7/10,"-86,586","-25,533","-28,672","-140,791","-18,283,000","-53,505,000","71,433,000","-355,000"
2018/7/11,"-93,958","-26,270","-28,667","-148,895","-16,557,000","-53,801,000","63,433,000","-6,925,000"
2018/7/12,"-61,122","-25,462","-28,393","-114,977","-18,388,000","-52,340,000","78,559,000","7,831,000"
2018/7/13,"-47,618","-24,889","-28,286","-100,793","-15,178,000","-51,314,000","79,036,000","12,544,000"
2018/7/16,"-62,988","-24,925","-29,404","-117,317","-14,189,000","-50,877,000","78,523,000","13,457,000"
2018/7/17,"-62,601","-25,444","-38,421","-126,466","-20,657,000","-51,614,000","72,658,000","387,000"
2018/7/18,"-42,064","-25,295","32,736","-34,623","-27,357,000","-51,877,000","84,344,000","5,110,000"
2018/7/19,"-40,509","-26,379","34,355","-32,533","-26,364,000","-51,791,000","89,978,000","11,823,000"
2018/7/20,"-18,442","-26,287","50,279","5,550","-25,890,000","-51,817,000","106,652,000","28,945,000"
2018/7/23,"-25,497","-28,169","47,964","-5,702","-21,562,000","-53,578,000","105,664,000","30,524,000"
2018/7/24,"-38,837","-28,153","40,654","-26,336","-17,942,000","-53,688,000","99,910,000","28,280,000"
2018/7/25,"-41,964","-28,218","49,794","-20,388","-19,718,000","-53,736,000","106,183,000","32,729,000"
2018/7/26,"-33,000","-28,248","59,168","-2,080","-19,512,000","-53,954,000","113,428,000","39,962,000"
2018/7/27,"-10,548","-27,893","69,824","31,383","-23,628,000","-53,553,000","128,915,000","51,734,000"
2018/7/30,"-24,989","-28,049","66,119","13,081","-23,517,000","-53,609,000","126,180,000","49,054,000"
2018/7/31,"-26,289","-28,080","64,540","10,171","-24,414,000","-53,929,000","131,462,000","53,119,000"
2018/8/1,"-10,675","-28,258","61,541","22,608","-24,517,000","-54,049,000","134,118,000","55,552,000"
2018/8/2,"-37,700","-28,856","34,995","-31,561","-23,911,000","-54,965,000","122,450,000","43,574,000"
2018/8/3,"-27,177","-26,776","37,277","-16,676","-26,677,000","-53,110,000","133,414,000","53,627,000"
2018/8/6,"-38,244","-27,856","35,480","-30,620","-24,496,000","-53,288,000","131,431,000","53,647,000"
2018/8/7,"-47,154","-28,201","41,267","-34,088","-27,029,000","-53,783,000","132,029,000","51,217,000"
2018/8/8,"-27,739","-28,112","45,967","-9,884","-28,603,000","-53,992,000","141,635,000","59,040,000"
2018/8/9,"-50,393","-28,558","33,118","-45,833","-25,450,000","-54,781,000","137,904,000","57,673,000"
2018/8/10,"-49,107","-28,842","32,049","-45,900","-24,788,000","-55,188,000","131,340,000","51,364,000"
2018/8/13,"-78,518","-28,924","4,600","-102,842","-27,776,000","-55,347,000","99,559,000","16,436,000"
2018/8/14,"-89,209","-28,133","4,365","-112,977","-28,013,000","-54,485,000","101,004,000","18,506,000"
2018/8/15,"-49,382","-26,574","25,169","-50,787","-21,743,000","-54,643,000","75,338,000","-1,048,000"
2018/8/16,"-36,051","-27,614","19,838","-43,827","-27,041,000","-54,760,000","80,770,000","-1,031,000"
2018/8/17,"-49,089","-28,675","10,722","-67,042","-22,282,000","-54,563,000","71,584,000","-5,261,000"
2018/8/20,"-38,443","-29,148","13,960","-53,631","-25,467,000","-55,609,000","77,639,000","-3,437,000"
2018/8/21,"-33,095","-28,846","12,838","-49,103","-23,951,000","-55,146,000","80,256,000","1,159,000"
2018/8/22,"-53,395","-26,620","39,793","-40,222","-17,403,000","-55,060,000","83,592,000","11,129,000"
2018/8/23,"-51,182","-26,288","42,980","-34,490","-13,741,000","-54,674,000","90,815,000","22,400,000"
2018/8/24,"-74,675","-26,315","27,983","-73,007","-12,550,000","-54,348,000","74,068,000","7,170,000"
2018/8/27,"-34,922","-26,228","31,153","-29,997","-15,156,000","-54,550,000","86,647,000","16,941,000"
2018/8/28,"-24,009","-26,369","35,531","-14,847","-13,257,000","-55,214,000","96,227,000","27,756,000"
2018/8/29,"-12,237","-26,372","61,541","22,932","-11,828,000","-55,673,000","114,484,000","46,983,000"
2018/8/30,"-25,188","-26,303","60,988","9,497","-9,274,000","-55,432,000","127,238,000","62,532,000"
2018/8/31,"-47,513","-26,527","42,014","-32,026","-6,747,000","-56,098,000","108,806,000","45,961,000"
2018/9/3,"-61,683","-27,046","34,410","-54,319","-11,153,000","-56,804,000","108,166,000","40,209,000"
2018/9/4,"-50,007","-26,844","34,531","-42,320","-11,267,000","-56,590,000","108,579,000","40,722,000"
2018/9/5,"-8,317","-26,893","48,273","13,063","-12,851,000","-56,460,000","108,453,000","39,142,000"
2018/9/6,"-5,539","-27,088","42,993","10,366","-14,512,000","-56,560,000","110,018,000","38,946,000"
2018/9/7,"-22,978","-27,775","30,785","-19,968","-17,126,000","-57,773,000","106,654,000","31,755,000"
2018/9/10,"-69,012","-28,022","12,764","-84,270","-19,164,000","-57,724,000","77,795,000","907,000"
2018/9/11,"-87,194","-27,548","-3,771","-118,513","-17,194,000","-56,770,000","64,711,000","-9,253,000"
2018/9/12,"-76,102","-27,225","-12,706","-116,033","-16,365,000","-56,325,000","55,421,000","-17,269,000"
2018/9/13,"-85,328","-27,086","-21,721","-134,135","-13,389,000","-55,972,000","45,836,000","-23,525,000"
2018/9/14,"-54,777","-26,040","-2,704","-83,521","-10,422,000","-54,473,000","74,718,000","9,823,000"
2018/9/17,"-75,885","-26,139","-26,434","-128,458","-7,664,000","-53,702,000","50,021,000","-11,345,000"
2018/9/18,"-68,198","-26,338","-21,164","-115,700","-15,594,000","-53,893,000","54,747,000","-14,740,000"
2018/9/19,"-57,859","-26,621","41,301","-43,179","-12,823,000","-53,464,000","67,733,000","1,446,000"
2018/9/20,"-80,074","-26,754","23,347","-83,481","-13,759,000","-53,234,000","51,506,000","-15,487,000"
2018/9/21,"-52,089","-27,554","40,936","-38,707","-8,521,000","-52,869,000","68,772,000","7,382,000"
2018/9/25,"-52,925","-27,630","50,980","-29,575","-7,974,000","-52,856,000","75,946,000","15,116,000"
2018/9/26,"-71,391","-27,635","55,000","-44,026","-7,269,000","-52,831,000","73,128,000","13,028,000"
2018/9/27,"-59,038","-27,694","66,225","-20,507","-6,508,000","-53,010,000","87,692,000","28,174,000"
2018/9/28,"-83,589","-28,053","50,940","-60,702","-6,080,000","-53,667,000","73,459,000","13,712,000"
2018/10/1,"-69,517","-28,013","56,315","-41,215","-3,735,000","-53,818,000","84,948,000","27,395,000"
2018/10/2,"-119,750","-28,491","33,182","-115,059","-7,935,000","-54,230,000","49,953,000","-12,212,000"
2018/10/3,"-74,056","-28,306","48,597","-53,765","-14,551,000","-54,516,000","62,240,000","-6,827,000"
2018/10/4,"-119,137","-28,692","13,823","-134,006","-10,427,000","-54,564,000","21,847,000","-43,144,000"
2018/10/5,"-151,519","-28,981","-2,725","-183,225","-9,536,000","-54,823,000","17,168,000","-47,191,000"
2018/10/8,"-167,799","-27,247","-14,006","-209,052","-9,520,000","-51,688,000","13,266,000","-47,942,000"
2018/10/9,"-167,935","-26,514","-15,436","-209,885","-9,076,000","-49,982,000","12,257,000","-46,801,000"
2018/10/11,"-155,841","-30,145","-2,077","-188,063","3,117,000","-53,646,000","35,912,000","-14,617,000"
2018/10/12,"-160,631","-27,069","15,174","-172,526","3,442,000","-49,868,000","56,684,000","10,258,000"
2018/10/15,"-166,133","-27,237","3,486","-189,884","1,113,000","-49,659,000","55,617,000","7,071,000"
2018/10/16,"-164,252","-27,145","-3,214","-194,611","1,965,000","-49,733,000","56,984,000","9,216,000"
2018/10/17,"-39,780","-27,452","31,878","-35,354","-4,255,000","-52,782,000","65,806,000","8,769,000"
2018/10/18,"-38,870","-27,733","21,453","-45,150","-5,268,000","-52,908,000","61,833,000","3,657,000"
2018/10/19,"-35,521","-29,604","19,201","-45,924","-4,299,000","-53,171,000","70,334,000","12,864,000"
2018/10/22,"-55,929","-29,088","3,677","-81,340","-1,669,000","-52,312,000","56,028,000","2,047,000"
2018/10/23,"-70,570","-30,194","7,493","-93,271","-2,128,000","-53,385,000","55,323,000","-190,000"
2018/10/24,"-53,835","-28,808","19,585","-63,058","-5,218,000","-54,109,000","61,891,000","2,564,000"
2018/10/25,"-68,922","-31,163","37,156","-62,929","-6,140,000","-57,330,000","73,542,000","10,072,000"
2018/10/26,"-83,082","-31,501","42,456","-72,127","-3,045,000","-57,580,000","76,171,000","15,546,000"
2018/10/29,"-80,985","-31,505","45,434","-67,056","-3,850,000","-57,889,000","81,427,000","19,688,000"
2018/10/30,"-72,509","-30,856","42,310","-61,055","-4,838,000","-56,963,000","80,298,000","18,497,000"
2018/10/31,"-63,446","-29,361","45,631","-47,176","-3,685,000","-55,013,000","77,036,000","18,338,000"
2018/11/1,"-69,286","-27,751","57,529","-39,508","-1,774,000","-52,238,000","72,032,000","18,020,000"
2018/11/2,"-63,452","-28,665","71,327","-20,790","-2,897,000","-54,195,000","82,795,000","25,703,000"
2018/11/5,"-84,358","-30,427","56,862","-57,923","1,191,000","-57,349,000","69,347,000","13,189,000"
2018/11/6,"-83,877","-31,224","56,563","-58,538","854,000","-58,160,000","68,218,000","10,912,000"
2018/11/7,"-60,718","-30,805","71,103","-20,420","-725,000","-57,694,000","77,512,000","19,093,000"
2018/11/8,"-68,765","-30,342","76,644","-22,463","3,857,000","-57,461,000","80,338,000","26,734,000"
2018/11/9,"-91,711","-31,413","71,066","-52,058","3,508,000","-58,710,000","70,136,000","14,934,000"
2018/11/12,"-76,438","-31,626","81,505","-26,559","-736,000","-59,249,000","81,278,000","21,293,000"
2018/11/13,"-110,135","-32,397","86,001","-56,531","-31,000","-60,245,000","83,767,000","23,491,000"
2018/11/14,"-98,119","-33,494","93,298","-38,315","1,506,000","-59,461,000","87,421,000","29,466,000"
2018/11/15,"-96,337","-34,285","98,032","-32,590","2,232,000","-59,529,000","90,041,000","32,744,000"
2018/11/16,"-114,867","-34,508","87,226","-62,149","1,525,000","-59,644,000","79,758,000","21,639,000"
2018/11/19,"-106,761","-34,091","92,780","-48,072","329,000","-59,051,000","84,520,000","25,798,000"
2018/11/20,"-122,307","-33,291","85,397","-70,201","186,000","-59,273,000","81,117,000","22,030,000"
2018/11/21,"-53,632","-32,662","77,752","-8,542","-1,556,000","-59,406,000","84,494,000","23,532,000"
2018/11/22,"-47,574","-32,882","76,481","-3,975","-941,000","-59,160,000","81,725,000","21,624,000"
2018/11/23,"-47,828","-32,768","77,866","-2,730","-4,095,000","-58,403,000","80,904,000","18,406,000"
2018/11/26,"-33,096","-32,282","85,374","19,996","-2,792,000","-58,347,000","89,202,000","28,063,000"
2018/11/27,"-76,005","-31,866","70,350","-37,521","4,821,000","-57,933,000","73,136,000","20,024,000"
2018/11/28,"-61,415","-31,314","86,322","-6,407","1,294,000","-57,066,000","88,319,000","32,547,000"
2018/11/29,"-53,135","-31,203","83,634",-704,"-1,477,000","-56,898,000","86,095,000","27,720,000"
2018/11/30,"-67,316","-32,679","75,950","-24,045","1,774,000","-58,245,000","76,233,000","19,762,000"
2018/12/3,"-34,888","-31,092","84,580","18,600","-1,574,000","-56,595,000","86,871,000","28,702,000"
2018/12/4,"-66,910","-32,398","69,085","-30,223","2,384,000","-58,623,000","75,209,000","18,970,000"
2018/12/5,"-72,485","-33,985","67,605","-38,865","-2,007,000","-60,101,000","73,020,000","10,912,000"
2018/12/6,"-82,929","-35,378","53,177","-65,130","-1,542,000","-61,589,000","61,467,000","-1,664,000"
2018/12/7,"-64,194","-34,285","69,464","-29,015","-1,753,000","-59,922,000","75,648,000","13,973,000"
2018/12/10,"-81,681","-34,428","77,213","-38,896","-4,736,000","-59,953,000","73,712,000","9,023,000"
2018/12/11,"-103,495","-33,445","80,520","-56,420","-1,419,000","-58,562,000","72,414,000","12,433,000"
2018/12/12,"-93,708","-32,963","77,277","-49,394","-201,000","-58,757,000","79,979,000","21,021,000"
2018/12/13,"-72,944","-33,725","75,504","-31,165","-268,000","-60,470,000","85,909,000","25,171,000"
2018/12/14,"-105,047","-34,688","67,556","-72,179","1,031,000","-62,025,000","74,529,000","13,535,000"
2018/12/17,"-75,760","-34,706","76,591","-33,875","-3,441,000","-62,492,000","85,399,000","19,466,000"
2018/12/18,"-102,294","-35,474","67,452","-70,316","-2,621,000","-64,285,000","78,706,000","11,800,000"
2018/12/19,"-50,117","-35,707","70,949","-14,875","-687,000","-65,603,000","86,248,000","19,958,000"
2018/12/20,"-53,026","-37,068","64,149","-25,945","-772,000","-67,499,000","78,519,000","10,248,000"
2018/12/21,"-78,033","-37,307","58,847","-56,493","1,123,000","-68,438,000","75,702,000","8,387,000"
2018/12/22,"-79,906","-38,259","50,203","-67,962","1,124,000","-69,338,000","66,849,000","-1,365,000"
2018/12/24,"-88,920","-38,777","56,098","-71,599","813,000","-70,560,000","68,733,000","-1,014,000"
2018/12/25,"-112,947","-39,971","51,953","-100,965","4,298,000","-72,490,000","65,007,000","-3,185,000"
2018/12/26,"-73,039","-40,661","54,578","-59,122","777,000","-74,937,000","72,572,000","-1,588,000"
2018/12/27,"-55,718","-39,185","62,039","-32,864","-257,000","-73,466,000","92,225,000","18,502,000"
2018/12/28,"-38,000","-41,136","56,680","-22,456","-1,152,000","-73,651,000","94,743,000","19,940,000"
2019/1/2,"-76,242","-39,356","50,628","-64,970","3,183,000","-72,992,000","69,272,000","-537,000"
2019/1/3,"-81,292","-36,438","53,875","-63,855","4,117,000","-67,295,000","65,526,000","2,348,000"
2019/1/4,"-122,233","-34,791","56,287","-100,737","2,464,000","-63,345,000","59,501,000","-1,380,000"
2019/1/7,"-69,098","-31,526","64,976","-35,648","4,695,000","-58,419,000","77,460,000","23,736,000"
2019/1/8,"-69,518","-29,449","63,876","-35,091","1,019,000","-54,409,000","73,341,000","19,951,000"
2019/1/9,"-49,758","-28,524","76,533","-1,749","3,908,000","-51,177,000","92,175,000","44,906,000"
2019/1/10,"-54,326","-29,403","77,837","-5,892","1,928,000","-50,363,000","96,925,000","48,490,000"
2019/1/11,"-26,531","-28,321","85,969","31,117","-1,415,000","-48,502,000","103,462,000","53,545,000"
2019/1/14,"-67,713","-28,391","70,868","-25,236","2,341,000","-48,424,000","90,060,000","43,977,000"
2019/1/15,"-27,900","-26,981","79,435","24,554","-2,418,000","-48,231,000","110,019,000","59,370,000"
2019/1/16,"-17,506","-26,583","84,087","39,998","-6,711,000","-48,088,000","98,847,000","44,048,000"
2019/1/17,"-15,589","-26,584","103,321","61,148","-9,187,000","-48,174,000","108,871,000","51,510,000"
2019/1/18,"-8,986","-27,077","106,297","70,234","-6,903,000","-47,923,000","110,385,000","55,559,000"
2019/1/21,"1,586","-27,687","107,700","81,599","-7,394,000","-48,941,000","112,100,000","55,765,000"
2019/1/22,"-21,967","-27,530","105,537","56,040","-4,866,000","-49,589,000","112,516,000","58,061,000"
2019/1/23,"-27,968","-28,116","96,888","40,804","-4,287,000","-50,648,000","98,510,000","43,575,000"
2019/1/24,"-26,278","-28,122","103,230","48,830","-1,899,000","-50,871,000","107,260,000","54,490,000"
2019/1/25,"6,566","-28,145","132,218","110,639","-7,664,000","-51,477,000","131,337,000","72,196,000"
2019/1/28,"-3,183","-28,554","132,501","100,764","-6,979,000","-51,693,000","126,535,000","67,863,000"
2019/1/29,"-54,606","-29,584","108,901","24,711","-3,306,000","-53,399,000","108,888,000","52,183,000"
2019/1/30,"-50,031","-29,991","97,418","17,396","-4,909,000","-53,508,000","104,624,000","46,207,000"
2019/2/11,"-40,778","-29,935","110,005","39,292","-4,705,000","-53,970,000","113,093,000","54,418,000"
2019/2/12,"-27,875","-29,681","117,940","60,384","-1,875,000","-53,916,000","126,517,000","70,726,000"
2019/2/13,"-68,016","-29,813","107,747","9,918","2,214,000","-54,183,000","114,829,000","62,860,000"
2019/2/14,"-48,709","-29,833","110,646","32,104","-1,426,000","-54,198,000","122,452,000","66,828,000"
2019/2/15,"-53,436","-29,943","107,295","23,916","-2,564,000","-54,617,000","124,089,000","66,908,000"
2019/2/18,"-33,014","-28,926","120,983","59,043","-3,099,000","-53,070,000","129,524,000","73,355,000"
2019/2/19,"-51,828","-28,872","117,614","36,914","1,000,000","-53,110,000","132,148,000","80,038,000"
2019/2/20,"-11,155","-28,255","137,616","98,206","-10,851,000","-52,871,000","142,637,000","78,915,000"
2019/2/21,"-17,825","-28,237","130,513","84,451","-8,629,000","-53,229,000","143,433,000","81,575,000"
2019/2/22,"-37,905","-28,286","118,687","52,496","-5,572,000","-53,069,000","129,559,000","70,918,000"
2019/2/25,"-26,140","-28,067","130,305","76,098","-6,804,000","-52,897,000","129,467,000","69,766,000"
2019/2/26,"-34,603","-28,516","139,573","76,454","-5,025,000","-53,748,000","130,892,000","72,119,000"
2019/2/27,"-21,009","-28,828","144,264","94,427","-6,887,000","-54,437,000","129,315,000","67,991,000"
2019/3/4,"-62,205","-29,154","110,809","19,450","-2,506,000","-54,836,000","109,884,000","52,542,000"
2019/3/5,"-58,302","-29,769","122,385","34,314","-3,914,000","-55,899,000","115,596,000","55,783,000"
2019/3/6,"-20,798","-29,873","138,677","88,006","-6,607,000","-56,082,000","128,349,000","65,660,000"
2019/3/7,"-37,659","-30,426","128,123","60,038","-8,599,000","-56,890,000","127,536,000","62,047,000"
2019/3/8,"-70,670","-31,241","122,246","20,335","-9,636,000","-58,223,000","119,942,000","52,083,000"
2019/3/11,"-76,232","-31,172","122,658","15,254","-8,084,000","-58,216,000","117,480,000","51,180,000"
2019/3/12,"-27,033","-30,383","135,866","78,450","-7,384,000","-57,266,000","123,832,000","59,182,000"
2019/3/13,"-52,463","-30,390","129,290","46,437","-2,436,000","-57,363,000","125,158,000","65,359,000"
2019/3/14,"-71,607","-30,390","115,381","13,384","-767,000","-57,215,000","111,207,000","53,225,000"
2019/3/15,"-33,736","-30,210","127,799","63,853","-3,667,000","-57,192,000","123,100,000","62,241,000"
2019/3/18,"-48,753","-29,932","133,823","55,138","3,564,000","-56,902,000","124,978,000","71,640,000"
2019/3/19,"-47,091","-30,446","138,232","60,695","2,906,000","-58,093,000","128,605,000","73,418,000"
2019/3/20,"-35,112","-30,407","135,545","70,026","-9,513,000","-58,209,000","130,087,000","62,365,000"
2019/3/21,"-17,084","-31,307","151,898","103,507","-10,182,000","-60,534,000","145,235,000","74,519,000"
2019/3/22,"-38,095","-31,350","157,625","88,180","-6,425,000","-60,591,000","135,577,000","68,561,000"
2019/3/25,"-64,523","-32,229","126,306","29,554","-13,529,000","-61,421,000","124,689,000","49,739,000"
2019/3/26,"-58,279","-31,896","134,150","43,975","-13,184,000","-61,228,000","129,261,000","54,849,000"
2019/3/27,"-51,870","-31,905","140,181","56,406","-10,958,000","-61,219,000","126,400,000","54,223,000"
2019/3/28,"-47,603","-31,918","142,630","63,109","-11,944,000","-61,105,000","135,793,000","62,744,000"
2019/3/29,"-55,501","-31,345","146,175","59,329","-5,765,000","-60,491,000","130,116,000","63,860,000"
2019/4/1,"-64,927","-31,281","168,980","72,772","-9,134,000","-60,392,000","132,735,000","63,209,000"
2019/4/2,"-54,266","-31,115","181,239","95,858","-10,125,000","-60,256,000","138,098,000","67,717,000"
2019/4/3,"-61,175","-30,834","174,870","82,861","-9,216,000","-59,733,000","136,535,000","67,586,000"
2019/4/8,"-25,395","-30,363","191,309","135,551","-14,318,000","-59,122,000","146,972,000","73,532,000"
2019/4/9,"-18,405","-30,095","197,421","148,921","-12,817,000","-58,938,000","158,504,000","86,749,000"
2019/4/10,"-44,566","-30,169","183,209","108,474","-12,147,000","-59,192,000","151,041,000","79,702,000"
2019/4/11,"-71,492","-30,214","173,364","71,658","-9,933,000","-58,996,000","146,858,000","77,929,000"
2019/4/12,"-71,008","-30,214","176,764","75,542","-12,553,000","-58,973,000","146,843,000","75,317,000"
2019/4/15,"-45,826","-30,033","176,925","101,066","-10,187,000","-58,900,000","143,910,000","74,823,000"
2019/4/16,"-55,279","-30,077","174,117","88,761","-5,021,000","-59,192,000","142,978,000","78,765,000"
2019/4/17,"-37,155","-29,159","148,770","82,456","-18,012,000","-58,238,000","150,000,000","73,750,000"
2019/4/18,"-54,028","-29,576","143,195","59,591","-17,856,000","-58,876,000","147,451,000","70,719,000"
2019/4/19,"-66,679","-29,779","153,075","56,617","-20,280,000","-59,502,000","151,014,000","71,232,000"
2019/4/22,"-87,462","-29,773","150,591","33,356","-17,780,000","-59,523,000","143,415,000","66,112,000"
2019/4/23,"-86,668","-29,784","155,885","39,433","-18,257,000","-59,794,000","147,668,000","69,617,000"
2019/4/24,"-82,504","-29,792","137,915","25,619","-12,739,000","-59,719,000","132,349,000","59,891,000"
2019/4/25,"-72,110","-28,884","150,497","49,503","-18,085,000","-57,834,000","145,433,000","69,514,000"
2019/4/26,"-104,790","-29,515","115,988","-18,317","-17,627,000","-58,703,000","125,025,000","48,695,000"
2019/4/29,"-93,510","-29,700","129,473","6,263","-18,284,000","-58,777,000","130,883,000","53,822,000"
2019/4/30,"-105,278","-29,706","131,343","-3,641","-11,815,000","-58,888,000","134,761,000","64,058,000"
2019/5/2,"-83,303","-28,891","131,096","18,902","-14,037,000","-58,262,000","132,284,000","59,985,000"
2019/5/3,"-72,599","-28,336","143,439","42,504","-10,161,000","-57,644,000","146,332,000","78,527,000"
2019/5/6,"-126,749","-29,390","113,569","-42,570","-10,065,000","-58,914,000","114,403,000","45,424,000"
2019/5/7,"-94,503","-28,836","128,376","5,037","-14,625,000","-58,302,000","133,446,000","60,519,000"
2019/5/8,"-105,938","-29,181","119,830","-15,289","-16,430,000","-58,456,000","124,071,000","49,185,000"
2019/5/9,"-146,875","-29,842","79,492","-97,225","-13,815,000","-59,236,000","105,227,000","32,176,000"
2019/5/10,"-113,866","-29,756","70,402","-73,220","-17,277,000","-59,313,000","125,115,000","48,525,000"
2019/5/13,"-136,586","-30,378","38,821","-128,143","-22,286,000","-59,908,000","102,741,000","20,547,000"
2019/5/14,"-137,671","-30,223","57,649","-110,245","-26,143,000","-59,304,000","106,158,000","20,711,000"
2019/5/15,"-99,476","-29,657","112,502","-16,631","-15,036,000","-58,399,000","105,825,000","32,390,000"
2019/5/16,"-107,715","-30,144","126,139","-11,720","-21,470,000","-58,905,000","109,375,000","29,000,000"
2019/5/17,"-101,598","-30,371","97,475","-34,494","-25,790,000","-59,281,000","105,198,000","20,127,000"
2019/5/20,"-103,132","-30,456","122,863","-10,725","-29,473,000","-59,520,000","116,514,000","27,521,000"
2019/5/21,"-105,749","-30,218","114,937","-21,030","-28,255,000","-59,386,000","113,425,000","25,784,000"
2019/5/22,"-114,938","-28,256","109,914","-33,280","-21,073,000","-58,223,000","105,073,000","25,777,000"
2019/5/23,"-144,279","-29,338","95,407","-78,210","-19,143,000","-59,517,000","87,485,000","8,825,000"
2019/5/24,"-121,736","-30,963","110,456","-42,243","-22,691,000","-59,789,000","99,416,000","16,936,000"
2019/5/27,"-135,430","-31,343","103,677","-63,096","-17,167,000","-60,648,000","95,879,000","18,064,000"
2019/5/28,"-139,663","-31,294","101,213","-69,744","-17,183,000","-60,592,000","93,560,000","15,785,000"
2019/5/29,"-128,603","-30,784","104,348","-55,039","-17,880,000","-59,774,000","98,215,000","20,561,000"
2019/5/30,"-112,141","-29,754","107,136","-34,759","-18,324,000","-58,072,000","98,022,000","21,626,000"
2019/5/31,"-102,319","-29,535","105,709","-26,145","-11,063,000","-57,873,000","101,832,000","32,896,000"
2019/6/3,"-97,998","-31,609","104,825","-24,782","-10,261,000","-62,267,000","102,292,000","29,764,000"
2019/6/4,"-128,872","-33,144","93,607","-68,409","-10,236,000","-65,131,000","92,620,000","17,253,000"
2019/6/5,"-124,831","-35,034","107,542","-52,323","-11,710,000","-69,323,000","95,306,000","14,273,000"
2019/6/6,"-135,681","-36,089","93,670","-78,100","-9,455,000","-70,955,000","89,344,000","8,934,000"
2019/6/10,"-94,787","-35,665","117,594","-12,858","-10,619,000","-71,221,000","110,014,000","28,174,000"
2019/6/11,"-83,889","-34,089","122,119","4,141","-8,186,000","-68,229,000","109,917,000","33,502,000"
2019/6/12,"-93,505","-32,860","111,628","-14,737","-7,770,000","-65,614,000","111,371,000","37,987,000"
2019/6/13,"-127,412","-32,185","84,385","-75,212","-5,486,000","-63,805,000","94,657,000","25,366,000"
2019/6/14,"-131,190","-31,051","79,889","-82,352","-7,274,000","-61,177,000","93,850,000","25,399,000"
2019/6/17,"-115,328","-30,681","87,825","-58,184","-13,551,000","-59,967,000","100,909,000","27,391,000"
2019/6/18,"-117,432","-31,142","78,810","-69,764","-14,030,000","-60,620,000","97,412,000","22,762,000"
2019/6/19,"-72,597","-30,385","103,098",116,"-24,664,000","-63,328,000","121,953,000","33,961,000"
2019/6/20,"-88,281","-32,567","91,039","-29,809","-25,680,000","-68,011,000","125,489,000","31,798,000"
2019/6/21,"-97,327","-32,886","86,473","-43,740","-27,976,000","-68,679,000","123,629,000","26,974,000"
2019/6/24,"-97,240","-32,588","83,982","-45,846","-25,624,000","-68,281,000","114,136,000","20,231,000"
2019/6/25,"-113,626","-33,123","69,857","-76,892","-29,136,000","-68,879,000","111,016,000","13,001,000"
2019/6/26,"-118,734","-31,905","72,072","-78,567","-26,513,000","-66,100,000","100,242,000","7,629,000"
2019/6/27,"-107,182","-31,732","92,945","-45,969","-18,887,000","-65,319,000","106,480,000","22,274,000"
2019/6/28,"-129,787","-33,561","87,215","-76,133","-20,591,000","-67,870,000","107,299,000","18,838,000"
2019/7/1,"-93,903","-31,029","96,399","-28,533","-21,079,000","-63,655,000","109,782,000","25,048,000"
2019/7/2,"-91,992","-29,705","89,243","-32,454","-21,913,000","-60,722,000","104,486,000","21,851,000"
2019/7/3,"-105,769","-26,456","84,582","-47,643","-22,911,000","-53,306,000","97,181,000","20,964,000"
2019/7/4,"-90,469","-25,468","94,955","-20,982","-21,554,000","-50,467,000","101,411,000","29,390,000"
2019/7/5,"-95,231","-25,356","90,840","-29,747","-22,934,000","-50,284,000","100,080,000","26,862,000"
2019/7/8,"-102,653","-24,787","78,773","-48,667","-22,346,000","-48,829,000","96,097,000","24,922,000"
2019/7/9,"-120,730","-24,791","77,903","-67,618","-24,488,000","-48,762,000","91,158,000","17,908,000"
2019/7/10,"-98,309","-24,268","90,108","-32,469","-23,068,000","-48,021,000","103,896,000","32,807,000"
2019/7/11,"-90,739","-24,800","92,552","-22,987","-21,527,000","-49,494,000","107,911,000","36,890,000"
2019/7/12,"-118,853","-24,466","91,500","-51,819","-19,563,000","-48,804,000","102,304,000","33,937,000"
2019/7/15,"-125,177","-24,400","81,790","-67,787","-17,514,000","-48,495,000","99,018,000","33,009,000"
2019/7/16,"-111,310","-22,589","70,304","-63,595","-16,123,000","-44,504,000","86,619,000","25,992,000"
2019/7/17,"-91,171","-21,093","86,792","-25,472","-26,323,000","-44,254,000","78,341,000","7,764,000"
2019/7/18,"-96,543","-21,784","108,463","-9,864","-27,896,000","-45,657,000","92,882,000","19,329,000"
2019/7/19,"-77,641","-23,781","116,136","14,714","-29,335,000","-50,329,000","99,783,000","20,119,000"
2019/7/22,"-73,649","-24,695","120,104","21,760","-23,717,000","-52,563,000","112,070,000","35,790,000"
2019/7/23,"-79,981","-24,785","118,414","13,648","-23,662,000","-52,682,000","108,671,000","32,327,000"
2019/7/24,"-96,965","-24,598","107,849","-13,714","-25,275,000","-52,146,000","107,078,000","29,657,000"
2019/7/25,"-108,735","-24,789","102,176","-31,348","-19,639,000","-52,656,000","105,749,000","33,454,000"
2019/7/26,"-129,099","-26,374","88,607","-66,866","-21,205,000","-52,901,000","96,444,000","22,338,000"
2019/7/29,"-130,788","-26,375","85,544","-71,619","-20,971,000","-52,885,000","96,028,000","22,172,000"
2019/7/30,"-128,207","-26,181","76,957","-77,431","-26,632,000","-52,611,000","85,502,000","6,259,000"
2019/7/31,"-108,991","-26,160","85,284","-49,867","-23,578,000","-52,488,000","86,843,000","10,777,000"
2019/8/1,"-122,665","-25,938","65,445","-83,158","-21,780,000","-51,566,000","73,070,000","-276,000"
2019/8/2,"-142,054","-26,264","41,225","-127,093","-19,931,000","-51,703,000","61,192,000","-10,442,000"
2019/8/5,"-154,204","-24,266","47,847","-130,623","-23,572,000","-47,295,000","63,747,000","-7,120,000"
2019/8/6,"-164,802","-23,448","50,711","-137,539","-18,780,000","-46,417,000","63,600,000","-1,597,000"
2019/8/7,"-132,624","-23,453","60,890","-95,187","-17,485,000","-45,567,000","73,528,000","10,476,000"
2019/8/8,"-126,160","-23,275","76,319","-73,116","-16,335,000","-45,581,000","78,322,000","16,406,000"
2019/8/12,"-125,168","-23,554","63,839","-84,883","-17,489,000","-45,446,000","78,350,000","15,415,000"
2019/8/13,"-136,478","-23,621","70,653","-89,446","-23,048,000","-45,167,000","80,573,000","12,358,000"
2019/8/14,"-111,335","-25,088","55,441","-80,982","-23,839,000","-48,453,000","84,964,000","12,672,000"
2019/8/15,"-120,433","-26,993","39,785","-107,641","-28,163,000","-51,146,000","85,068,000","5,759,000"
2019/8/16,"-107,887","-26,207","47,654","-86,440","-24,967,000","-50,029,000","90,349,000","15,353,000"
2019/8/19,"-107,500","-26,142","61,170","-72,472","-23,273,000","-50,111,000","91,004,000","17,620,000"
2019/8/20,"-83,522","-25,624","62,862","-46,284","-28,074,000","-49,392,000","98,561,000","21,095,000"
2019/8/21,"-59,518","-25,509","76,040","-8,987","-24,019,000","-50,008,000","100,783,000","26,756,000"
2019/8/22,"-82,519","-24,235","75,820","-30,934","-22,649,000","-47,365,000","89,177,000","19,163,000"
2019/8/23,"-86,912","-24,320","74,821","-36,411","-23,007,000","-47,240,000","93,786,000","23,539,000"
2019/8/26,"-102,152","-24,544","56,287","-70,409","-26,158,000","-46,431,000","81,234,000","8,645,000"
2019/8/27,"-111,061","-24,524","71,596","-63,989","-25,073,000","-46,632,000","91,214,000","19,509,000"
2019/8/28,"-88,239","-24,222","83,499","-28,962","-24,512,000","-46,230,000","92,205,000","21,463,000"
2019/8/29,"-83,347","-24,232","87,812","-19,767","-25,288,000","-46,316,000","101,946,000","30,342,000"
2019/8/30,"-51,463","-23,816","105,872","30,593","-25,044,000","-45,217,000","110,544,000","40,283,000"
2019/9/2,"-63,606","-24,492","102,478","14,380","-23,432,000","-46,756,000","114,765,000","44,577,000"
2019/9/3,"-83,129","-24,718","92,605","-15,242","-24,925,000","-46,940,000","105,590,000","33,725,000"
2019/9/4,"-70,362","-24,298","107,690","13,030","-26,831,000","-46,495,000","120,519,000","47,193,000"
2019/9/5,"-79,808","-25,013","107,925","3,104","-23,118,000","-48,501,000","118,846,000","47,227,000"
2019/9/6,"-79,107","-24,725","130,574","26,742","-21,552,000","-48,059,000","125,978,000","56,367,000"
2019/9/9,"-75,389","-25,459","119,346","18,498","-21,407,000","-49,760,000","128,865,000","57,698,000"
2019/9/10,"-87,753","-26,472","103,123","-11,102","-20,614,000","-51,697,000","122,048,000","49,737,000"
2019/9/11,"-78,512","-26,549","99,503","-5,558","-16,489,000","-51,951,000","121,052,000","52,612,000"
2019/9/12,"-95,939","-28,960","105,267","-19,632","-14,162,000","-57,404,000","121,262,000","49,696,000"
2019/9/16,"-69,848","-30,359","109,471","9,264","-14,485,000","-60,615,000","143,159,000","68,059,000"
2019/9/17,"-89,410","-30,218","105,841","-13,787","-13,695,000","-60,361,000","129,865,000","55,809,000"
2019/9/18,"-19,119","-28,449","94,416","46,848","-21,033,000","-60,549,000","124,001,000","42,419,000"
2019/9/19,"-24,770","-28,123","72,988","20,095","-18,871,000","-59,688,000","112,092,000","33,533,000"
2019/9/20,"-17,693","-28,118","77,693","31,882","-18,013,000","-59,856,000","120,247,000","42,378,000"
2019/9/23,"-29,050","-28,886","67,456","9,520","-15,494,000","-61,383,000","116,168,000","39,291,000"
2019/9/24,"-29,021","-29,698","70,712","11,993","-15,877,000","-63,228,000","116,651,000","37,546,000"
2019/9/25,"-19,951","-30,505","71,305","20,849","-18,318,000","-64,595,000","108,894,000","25,981,000"
2019/9/26,"-31,076","-30,739","75,519","13,704","-16,493,000","-65,120,000","111,660,000","30,047,000"
2019/9/27,"-36,684","-31,573","83,045","14,788","-17,634,000","-63,359,000","118,824,000","37,831,000"
2019/10/1,"-13,259","-30,841","91,182","47,082","-18,812,000","-62,638,000","133,655,000","52,205,000"
2019/10/2,"-21,283","-29,319","71,894","21,292","-18,950,000","-59,141,000","124,803,000","46,712,000"
2019/10/3,"-41,896","-27,968","82,861","12,997","-20,705,000","-55,802,000","122,874,000","46,367,000"
2019/10/4,"-51,076","-28,655","81,174","1,443","-18,034,000","-57,441,000","124,737,000","49,262,000"
2019/10/7,"-50,961","-28,621","82,541","2,959","-14,735,000","-57,562,000","123,743,000","51,446,000"
2019/10/8,"-29,673","-28,568","91,468","33,227","-19,137,000","-57,911,000","140,492,000","63,444,000"
2019/10/9,"-51,986","-29,948","69,679","-12,255","-14,442,000","-60,056,000","115,645,000","41,147,000"
2019/10/14,"-14,833","-28,899","63,950","20,218","-17,877,000","-59,566,000","133,076,000","55,633,000"
2019/10/15,"-9,976","-29,313","63,561","24,272","-13,134,000","-60,626,000","131,959,000","58,199,000"
2019/10/16,"4,415","-27,677","57,069","33,807","-10,363,000","-60,862,000","129,865,000","58,640,000"
2019/10/17,"2,732","-27,768","61,685","36,649","-8,264,000","-61,221,000","136,456,000","66,971,000"
2019/10/18,"-18,254","-27,756","51,251","5,241","-9,711,000","-61,155,000","124,439,000","53,573,000"
2019/10/21,"-23,649","-27,099","46,840","-3,908","-6,874,000","-59,708,000","117,386,000","50,804,000"
2019/10/22,"-19,062","-27,456","54,475","7,957","-2,653,000","-60,960,000","124,031,000","60,418,000"
2019/10/23,-41,"-27,944","55,274","27,289","-5,434,000","-61,821,000","123,413,000","56,158,000"
2019/10/24,903,"-27,713","57,067","30,257","-2,493,000","-61,786,000","134,695,000","70,416,000"
2019/10/25,"-11,031","-27,638","50,259","11,590","-3,716,000","-61,593,000","126,855,000","61,546,000"
2019/10/28,"-4,876","-27,372","51,405","19,157","-5,590,000","-61,145,000","133,930,000","67,195,000"
2019/10/29,"10,148","-27,377","49,625","32,396","-8,844,000","-61,239,000","134,565,000","64,482,000"
2019/10/30,"13,131","-27,373","48,218","33,976","-7,831,000","-61,304,000","136,943,000","67,808,000"
2019/10/31,"5,382","-27,209","45,784","23,957","-5,402,000","-60,969,000","138,476,000","72,105,000"
2019/11/1,"8,034","-27,144","44,632","25,522","-3,860,000","-60,963,000","139,649,000","74,826,000"
2019/11/4,"30,101","-26,007","61,624","65,718","-7,608,000","-59,288,000","151,684,000","84,788,000"
2019/11/5,"27,584","-24,284","53,643","56,943","-7,664,000","-55,791,000","140,650,000","77,195,000"
2019/11/6,"30,032","-23,472","54,839","61,399","-6,392,000","-53,928,000","136,177,000","75,857,000"
2019/11/7,"10,747","-23,161","42,680","30,266","-8,887,000","-52,958,000","128,423,000","66,578,000"
2019/11/8,"-2,430","-23,435","33,474","7,609","-7,573,000","-53,481,000","124,378,000","63,324,000"
2019/11/11,"-5,173","-24,092","34,875","5,610","-15,841,000","-54,356,000","122,581,000","52,384,000"
2019/11/12,"-6,925","-22,469","37,729","8,335","-10,029,000","-51,034,000","120,662,000","59,599,000"
2019/11/13,"4,763","-22,490","27,981","10,254","-9,421,000","-50,817,000","116,812,000","56,574,000"
2019/11/14,"5,420","-21,594","32,165","15,991","-10,047,000","-48,727,000","113,552,000","54,778,000"
2019/11/15,"11,698","-21,151","20,999","11,546","-7,574,000","-48,029,000","105,974,000","50,371,000"
2019/11/18,"15,935","-21,309","22,835","17,461","-5,378,000","-48,683,000","108,961,000","54,900,000"
2019/11/19,"20,190","-20,969","16,347","15,568","-3,354,000","-48,122,000","105,551,000","54,075,000"
2019/11/20,"7,854","-20,945","13,435",344,"-1,877,000","-47,950,000","98,075,000","48,248,000"
2019/11/21,"3,057","-20,793","7,185","-10,551","-5,916,000","-47,292,000","103,096,000","49,888,000"
2019/11/22,"-12,848","-20,771","3,274","-30,345","-7,512,000","-47,289,000","97,701,000","42,900,000"
2019/11/25,"-13,856","-20,058","9,170","-24,744","-9,684,000","-45,669,000","98,424,000","43,071,000"
2019/11/26,55,"-19,887","18,082","-1,750","-11,623,000","-45,479,000","110,164,000","53,062,000"
2019/11/27,"-11,890","-19,914","17,564","-14,240","-6,639,000","-45,600,000","113,927,000","61,688,000"
2019/11/28,"-19,524","-20,128","2,091","-37,561","-5,894,000","-45,963,000","97,192,000","45,335,000"
2019/11/29,"-40,646","-20,768","-14,501","-75,915","-10,619,000","-46,835,000","79,067,000","21,613,000"
2019/12/2,"-29,778","-20,965","8,438","-42,305","-12,155,000","-47,453,000","98,547,000","38,939,000"
2019/12/3,"-25,408","-20,965","18,606","-27,767","-12,271,000","-47,536,000","111,091,000","51,284,000"
2019/12/4,"-14,937","-21,053","-1,507","-37,497","-11,098,000","-47,653,000","104,072,000","45,321,000"
2019/12/5,"6,173","-20,688","10,847","-3,668","-12,047,000","-47,207,000","116,796,000","57,542,000"
2019/12/6,"10,553","-20,676","8,110","-2,013","-14,077,000","-47,233,000","121,067,000","59,757,000"
2019/12/9,"19,461","-20,348","5,701","4,814","-14,032,000","-46,719,000","124,434,000","63,683,000"
2019/12/10,"-22,908","-20,558","-16,435","-59,901","-8,252,000","-47,017,000","99,599,000","44,330,000"
2019/12/11,"-8,431","-20,357","-8,843","-37,631","-6,038,000","-46,864,000","119,049,000","66,147,000"
2019/12/12,"2,873","-20,327","6,058","-11,396","-7,362,000","-47,407,000","127,482,000","72,713,000"
2019/12/13,"-7,811","-21,013","6,546","-22,278","-4,804,000","-49,495,000","120,952,000","66,653,000"
2019/12/16,"-20,295","-22,696","8,563","-34,428","-400,000","-53,458,000","121,053,000","67,195,000"
2019/12/17,"-25,629","-23,755","2,985","-46,399","4,489,000","-56,664,000","110,509,000","58,334,000"
2019/12/18,"-37,271","-24,070","31,581","-29,760","-5,835,000","-57,454,000","112,226,000","48,937,000"
2019/12/19,"-56,017","-24,664","19,957","-60,724","-8,074,000","-58,575,000","106,065,000","39,416,000"
2019/12/20,"-56,096","-24,552","18,271","-62,377","-11,567,000","-58,036,000","101,220,000","31,617,000"
2019/12/23,"-65,912","-24,561","15,973","-74,500","-11,855,000","-58,267,000","100,529,000","30,407,000"
2019/12/24,"-61,714","-24,672","8,191","-78,195","-12,762,000","-58,352,000","89,821,000","18,707,000"
2019/12/25,"-62,191","-24,708","5,405","-81,494","-8,373,000","-58,611,000","90,248,000","23,264,000"
2019/12/26,"-73,647","-25,215","-4,636","-103,498","-6,453,000","-59,766,000","82,512,000","16,293,000"
2019/12/27,"-59,337","-25,182","5,435","-79,084","-8,724,000","-60,137,000","93,616,000","24,755,000"
2019/12/30,"-62,758","-25,373","-1,278","-89,409","-10,759,000","-60,451,000","91,630,000","20,420,000"
2019/12/31,"-67,323","-26,257","-9,662","-103,242","-13,255,000","-61,360,000","85,631,000","11,016,000"
2020/1/2,"-71,873","-24,764","2,299","-94,338","-8,315,000","-58,014,000","85,192,000","18,863,000"
2020/1/3,"-61,318","-24,783","-3,769","-89,870","-5,023,000","-57,998,000","82,744,000","19,723,000"
2020/1/6,"-73,183","-25,014","-14,998","-113,195","-12,223,000","-57,876,000","73,107,000","3,008,000"
2020/1/7,"-93,827","-24,389","-22,254","-140,470","-13,030,000","-56,857,000","64,519,000","-5,368,000"
2020/1/8,"-51,926","-24,711","-12,792","-89,429","-15,949,000","-57,226,000","82,848,000","9,673,000"
2020/1/9,"-39,557","-24,075","-3,881","-67,513","-13,049,000","-56,797,000","91,395,000","21,549,000"
2020/1/10,"-46,712","-26,338","-6,099","-79,149","-10,690,000","-61,982,000","94,888,000","22,216,000"
2020/1/13,"-24,432","-26,866","1,183","-50,115","-10,590,000","-63,730,000","105,217,000","30,897,000"
2020/1/14,"-9,981","-26,537","-9,904","-46,422","-11,753,000","-63,333,000","98,451,000","23,365,000"
2020/1/15,"-14,651","-25,104","2,608","-37,147","-8,684,000","-59,826,000","89,699,000","21,189,000"
2020/1/16,"-16,038","-24,302","-11,539","-51,879","-7,318,000","-57,867,000","75,668,000","10,483,000"
2020/1/17,"-18,109","-24,301","-15,229","-57,639","-7,484,000","-57,951,000","77,504,000","12,069,000"
2020/1/20,"-18,538","-23,786","-17,282","-59,606","-6,596,000","-56,896,000","77,580,000","14,088,000"
2020/1/30,"-58,412","-26,317","-45,999","-130,728","-10,728,000","-59,202,000","38,446,000","-31,484,000"
2020/1/31,"-41,286","-25,327",657,"-65,956","-10,292,000","-57,354,000","71,333,000","3,687,000"
2020/2/3,"-70,481","-25,386","-1,923","-97,790","-8,353,000","-56,523,000","71,556,000","6,680,000"
2020/2/4,"-37,030","-22,906","8,277","-51,659","-1,887,000","-51,857,000","79,457,000","25,713,000"
2020/2/5,"-18,911","-23,214","9,239","-32,886","-5,508,000","-52,598,000","83,189,000","25,083,000"
2020/2/6,"-6,085","-22,708","18,968","-9,825","-406,000","-52,186,000","91,517,000","38,925,000"
2020/2/7,"-23,491","-22,630","17,835","-28,286","-4,625,000","-51,333,000","84,777,000","28,819,000"
2020/2/10,"-38,290","-21,952","17,169","-43,073","-4,471,000","-49,654,000","83,098,000","28,973,000"
2020/2/11,"-19,821","-21,321","13,690","-27,452","-5,209,000","-48,606,000","81,799,000","27,984,000"
2020/2/12,"-1,743","-20,861","10,777","-11,827","419,000","-47,970,000","95,169,000","47,618,000"
2020/2/13,"6,349","-20,894","9,734","-4,811","-3,048,000","-48,070,000","100,501,000","49,383,000"
2020/2/14,"7,151","-20,887","1,085","-12,651","-3,391,000","-48,190,000","91,734,000","40,153,000"
2020/2/17,"-22,683","-21,299","-11,901","-55,883","-1,853,000","-48,923,000","85,016,000","34,240,000"
2020/2/18,"-54,348","-20,423","-24,074","-98,845","-724,000","-46,459,000","69,226,000","22,043,000"
2020/2/19,"20,774","-19,995","-11,502","-10,723","-4,084,000","-45,986,000","78,048,000","27,978,000"
2020/2/20,"-4,831","-19,986","-28,607","-53,424","-2,760,000","-45,753,000","59,450,000","10,937,000"
2020/2/21,"7,902","-20,510","-30,807","-43,415","-6,647,000","-46,492,000","61,359,000","8,220,000"
2020/2/24,"-6,738","-20,527","-44,510","-71,775","-8,315,000","-45,936,000","58,715,000","4,464,000"
2020/2/25,"-17,250","-21,571","-40,572","-79,393","-5,559,000","-46,178,000","61,580,000","9,843,000"
2020/2/26,876,"-21,380","-63,103","-83,607","-4,657,000","-45,208,000","46,637,000","-3,228,000"
2020/2/27,"4,150","-20,884","-68,964","-85,698","-9,660,000","-45,012,000","43,094,000","-11,578,000"
2020/3/2,"-32,705","-20,732","-95,035","-148,472","-8,855,000","-44,272,000","35,293,000","-17,834,000"
2020/3/3,"8,928","-20,837","-90,003","-101,912","-11,941,000","-45,117,000","48,541,000","-8,517,000"
2020/3/4,"26,035","-23,463","-89,093","-86,521","-5,630,000","-51,359,000","59,163,000","2,174,000"
2020/3/5,"44,542","-24,360","-85,545","-65,363","-2,958,000","-54,928,000","68,111,000","10,225,000"
2020/3/6,"17,631","-25,047","-116,424","-123,840","-5,187,000","-56,034,000","44,155,000","-17,066,000"
2020/3/9,"6,715","-26,227","-96,319","-115,831","-11,382,000","-59,301,000","63,058,000","-7,625,000"
2020/3/10,"-53,753","-26,500","-103,161","-183,414","-2,783,000","-60,072,000","39,842,000","-23,013,000"
2020/3/11,"4,173","-27,471","-98,297","-121,595","-5,119,000","-61,333,000","48,092,000","-18,360,000"
2020/3/12,"-14,910","-30,853","-96,264","-142,027","-9,503,000","-65,618,000","59,872,000","-15,249,000"
2020/3/13,"-57,434","-34,652","-89,243","-181,329","-6,780,000","-68,589,000","65,522,000","-9,847,000"
2020/3/16,"-65,819","-36,226","-71,384","-173,429","-4,230,000","-68,705,000","67,332,000","-5,603,000"
2020/3/17,"-103,547","-37,357","-58,685","-199,589","-8,739,000","-68,076,000","70,776,000","-6,039,000"
2020/3/18,"2,638","-35,227","-23,917","-56,506","-1,271,000","-62,223,000","69,627,000","6,133,000"
2020/3/19,"-4,949","-39,880","-8,951","-53,780","-3,869,000","-66,168,000","79,414,000","9,377,000"
2020/3/20,"-3,953","-33,353","4,460","-32,846","-7,285,000","-59,820,000","87,908,000","20,803,000"
2020/3/23,"-11,416","-38,033","10,949","-38,500","-5,062,000","-65,436,000","91,245,000","20,747,000"
2020/3/24,"8,779","-34,716","12,407","-13,530","-6,568,000","-63,337,000","91,476,000","21,571,000"
2020/3/25,"9,326","-33,436","25,524","1,414","5,357,000","-62,812,000","87,719,000","30,264,000"
2020/3/26,-631,"-33,475","29,536","-4,570","7,071,000","-63,274,000","84,794,000","28,591,000"
2020/3/27,"14,998","-33,024","23,971","5,945","5,743,000","-61,684,000","86,518,000","30,577,000"
2020/3/30,"4,428","-33,931","23,889","-5,614","7,488,000","-63,329,000","86,695,000","30,854,000"
2020/3/31,"15,284","-33,943","26,733","8,074","7,407,000","-63,537,000","89,460,000","33,330,000"
2020/4/1,"14,014","-35,221","41,906","20,699","7,285,000","-65,720,000","94,887,000","36,452,000"
2020/4/6,"6,110","-33,540","31,091","3,661","7,655,000","-65,425,000","88,268,000","30,498,000"
2020/4/7,"22,083","-31,526","31,679","22,236","6,129,000","-62,562,000","91,043,000","34,610,000"
2020/4/8,"22,008","-30,984","2,206","-6,770","10,141,000","-62,129,000","80,833,000","28,845,000"
2020/4/9,"27,163","-31,677","-1,321","-5,835","10,565,000","-63,375,000","84,461,000","31,651,000"
2020/4/10,"24,821","-31,858","5,337","-1,700","8,944,000","-63,893,000","89,394,000","34,445,000"
2020/4/13,"28,297","-34,660",201,"-6,162","9,938,000","-68,674,000","89,898,000","31,162,000"
2020/4/14,"45,156","-34,128",-300,"10,728","13,125,000","-69,475,000","86,491,000","30,141,000"
2020/4/15,"15,960","-33,355","24,498","7,103","22,461,000","-68,278,000","68,116,000","22,299,000"
2020/4/16,"18,333","-33,810","17,623","2,146","21,387,000","-69,057,000","67,915,000","20,245,000"
2020/4/17,"36,545","-32,433","1,413","5,525","25,085,000","-67,927,000","60,953,000","18,111,000"
2020/4/20,"24,152","-32,953","-12,676","-21,477","27,614,000","-68,423,000","51,489,000","10,680,000"
2020/4/21,"19,372","-35,776","-12,996","-29,400","26,109,000","-72,346,000","68,044,000","21,807,000"
2020/4/22,"38,194","-35,902","-15,364","-13,072","24,181,000","-72,771,000","59,869,000","11,279,000"
