~るら,}Li笆v计,程蔼i笆v计,程Ci笆v计,ΜLi笆v计
2017/4/24,11.78,12,11.49,11.62
2017/4/25,11.18,11.26,10.57,11.12
2017/4/26,11.07,11.16,10.84,11.12
2017/4/27,11.03,11.14,10.76,10.83
2017/4/28,10.84,10.89,10.52,10.52
2017/5/2,10.83,10.9,10.56,10.76
2017/5/3,10.62,10.78,10.55,10.78
2017/5/4,10.79,10.97,10.66,10.92
2017/5/5,10.87,11.41,10.87,11.41
2017/5/8,11.19,11.24,10.86,10.88
2017/5/9,10.91,11.17,10.84,11.16
2017/5/10,11.13,11.16,10.98,11.1
2017/5/11,12.99,21.4,10.82,11.62
2017/5/12,10.98,11.06,10.71,10.71
2017/5/15,11.58,11.58,11.01,11.41
2017/5/16,11.41,11.41,11.18,11.2
2017/5/17,11.38,11.46,11.2,11.25
2017/5/18,11.41,11.46,10.69,10.69
2017/5/19,10.78,10.98,10.7,10.76
2017/5/22,10.97,11.06,10.45,10.51
2017/5/23,10.37,10.45,10.03,10.1
2017/5/24,10.07,10.13,9.6,9.62
2017/5/25,9.56,9.77,9.28,9.49
2017/5/26,9.06,9.89,9.06,9.69
2017/5/31,10.43,10.46,10.31,10.43
2017/6/1,10.47,10.48,10.12,10.2
2017/6/2,10.1,10.17,9.82,9.82
2017/6/3,9.86,10.12,9.56,10.12
2017/6/5,9.99,10.23,9.72,10.23
2017/6/6,9.94,10.13,9.77,10.13
2017/6/7,9.2,10.26,9.2,9.97
2017/6/8,10.25,11.87,10.02,10.21
2017/6/9,10.18,10.23,9.51,9.57
2017/6/12,10.44,10.59,10.14,10.5
2017/6/13,10.42,10.53,10.08,10.11
2017/6/14,10.03,10.83,9.78,10.83
2017/6/15,10.52,10.82,10.19,10.19
2017/6/16,10.46,10.58,9.64,9.64
2017/6/19,10.32,11.02,9.96,11.02
2017/6/20,9.97,10.04,9.71,9.86
2017/6/21,9.88,10.13,9.82,9.93
2017/6/22,10.3,10.38,9.78,10.02
2017/6/23,9.9,10.4,9.8,10.4
2017/6/26,10.39,12.17,10.32,12.17
2017/6/27,11.89,12.55,11.75,12.12
2017/6/28,12.48,12.6,12.25,12.52
2017/6/29,12.38,12.38,11.79,11.84
2017/6/30,12.76,12.76,12.11,12.33
2017/7/3,12.62,13.01,12.05,12.07
2017/7/4,11.98,12.16,11.8,12.1
2017/7/5,11.98,12.17,11.57,12.17
2017/7/6,11.96,12.42,11.94,12.23
2017/7/7,12.51,12.69,12.4,12.4
2017/7/10,12.82,12.83,12.31,12.31
2017/7/11,12.17,12.17,11.68,11.72
2017/7/12,11.81,11.92,11.68,11.8
2017/7/13,11.86,11.91,11.43,11.53
2017/7/14,11.54,11.6,11.14,11.19
2017/7/17,11.43,12.09,11.16,12.09
2017/7/18,11.12,12.1,10.94,12.1
2017/7/19,10.96,11.68,10.84,11.26
2017/7/20,10.76,10.76,10.48,10.48
2017/7/21,10.53,10.71,10.34,10.54
2017/7/24,10.95,10.99,10.41,10.58
2017/7/25,10.58,10.7,10.32,10.7
2017/7/26,10.3,10.32,10.1,10.2
2017/7/27,10.03,10.09,9.73,9.92
2017/7/28,10.02,10.5,10.02,10.5
2017/7/31,10.56,10.9,10.24,10.9
2017/8/1,10.23,10.96,10.15,10.26
2017/8/2,10.25,14.83,10.16,14.83
2017/8/3,18.9,18.9,10.8,10.96
2017/8/4,11.27,11.43,11.22,11.4
2017/8/7,11.44,11.51,11.1,11.33
2017/8/8,11.12,11.44,10.98,11.41
2017/8/9,11.99,12.49,11.99,12.15
2017/8/10,11.79,13.39,11.75,13.23
2017/8/11,14.74,15.23,14.18,14.38
2017/8/14,13.34,14.03,13.34,13.87
2017/8/15,13.5,13.51,13.05,13.05
2017/8/16,13.09,15.16,12.76,12.77
2017/8/17,12.45,12.53,11.67,11.98
2017/8/18,12.87,13.35,12.39,12.67
2017/8/21,13.03,13.26,12.72,13.03
2017/8/22,12.85,12.85,11.84,12.08
2017/8/23,11.52,11.81,11.47,11.75
2017/8/24,11.52,11.55,11.18,11.35
2017/8/25,11.22,11.5,11.1,11.29
2017/8/28,11.65,12.02,11.63,12.02
2017/8/29,12.57,13.36,12.35,12.66
2017/8/30,12.25,12.36,11.92,12.36
2017/8/31,12.03,12.6,11.96,12.6
2017/9/1,12.17,12.4,12.08,12.25
2017/9/4,13.04,13.28,12.81,13.28
2017/9/5,12.86,13.71,12.71,13.71
2017/9/6,13.56,14.05,13.38,14.05
2017/9/7,13.25,13.87,13.13,13.87
2017/9/8,13.73,13.88,13.5,13.8
2017/9/11,13.35,13.78,13.35,13.48
2017/9/12,13.11,13.18,12.49,12.49
2017/9/13,12.54,12.57,12.06,12.15
2017/9/14,12.09,12.17,11.62,11.62
2017/9/15,11.66,11.73,11.25,11.25
2017/9/18,12.35,12.46,11.92,12.29
2017/9/19,11.93,12.72,11.74,12.72
2017/9/20,12.31,12.64,12.25,12.49
2017/9/21,11.73,11.73,10.61,10.8
2017/9/22,10.93,11.76,10.93,11.74
2017/9/25,12.29,13.23,12.15,12.77
2017/9/26,13.12,13.12,12.39,12.85
2017/9/27,12.65,12.79,12.11,12.14
2017/9/28,11.97,12.23,11.75,11.86
2017/9/29,11.87,11.9,11.28,11.28
2017/9/30,11.19,11.19,10.49,10.51
2017/10/2,10.84,10.84,10.44,10.52
2017/10/3,10.44,10.59,10.12,10.29
2017/10/5,10.45,10.45,10.19,10.37
2017/10/6,10.31,10.44,10.18,10.36
2017/10/11,10.5,10.87,10.26,10.75
2017/10/12,10.49,10.55,10.22,10.38
2017/10/13,10.43,10.43,9.92,9.92
2017/10/16,10.87,11.47,10.85,11.47
2017/10/17,11.18,11.79,11.18,11.79
2017/10/18,11.4,11.9,11.3,11.77
2017/10/19,10.86,10.92,10.66,10.72
2017/10/20,11.02,11.12,10.74,11.12
2017/10/23,11.06,11.66,10.86,11.66
2017/10/24,11.05,11.16,10.84,11.16
2017/10/25,11.09,11.87,11.07,11.87
2017/10/26,11.48,12.35,11.2,11.85
2017/10/27,11.22,12.14,11.03,12.14
2017/10/30,11.78,12.09,11.65,12.09
2017/10/31,11.87,11.92,11.47,11.85
2017/11/1,11.37,11.72,11.26,11.64
2017/11/2,11.67,11.85,11.55,11.85
2017/11/3,11.46,11.82,11.26,11.82
2017/11/6,11.7,11.95,11.58,11.74
2017/11/7,11.58,11.6,11.13,11.13
2017/11/8,11.34,11.36,10.91,10.91
2017/11/9,10.83,10.99,10.36,10.82
2017/11/10,11,11.16,10.16,10.17
2017/11/13,10.69,10.7,10.39,10.39
2017/11/14,10.49,10.66,10.37,10.49
2017/11/15,10.64,10.95,10.43,10.95
2017/11/16,10.69,10.73,9.95,10.2
2017/11/17,9.67,9.72,9.33,9.44
2017/11/20,10.03,10.03,9.3,9.83
2017/11/21,9.11,9.33,8.58,9.17
2017/11/22,8.83,9.49,8.79,9.49
2017/11/23,9.02,9.13,8.9,8.97
2017/11/24,9.11,10.62,8.98,9.12
2017/11/27,9.44,9.72,9.36,9.72
2017/11/28,9.6,9.86,9.35,9.86
2017/11/29,9.69,10.16,9.66,10.16
2017/11/30,10.35,11.46,10.34,11.46
2017/12/1,10.9,12.01,10.62,11.18
2017/12/4,11.37,11.84,11.22,11.45
2017/12/5,11.46,11.88,11.41,11.88
2017/12/6,11.81,14.89,11.71,14.89
2017/12/7,14.59,14.73,13.57,13.83
2017/12/8,13.39,13.39,12.32,12.34
2017/12/11,12.54,12.54,11.42,11.67
2017/12/12,11.68,12.13,11.61,11.69
2017/12/13,11.72,12.03,11.56,11.61
2017/12/14,11.18,11.27,10.86,10.86
2017/12/15,10.88,11.65,10.66,10.94
2017/12/18,11.25,11.9,11.25,11.53
2017/12/19,11.54,11.98,11.41,11.8
2017/12/20,11.59,11.81,11.09,11.23
2017/12/21,11.04,11.22,10.4,10.4
2017/12/22,10.42,10.52,9.86,9.99
2017/12/25,10.32,10.34,9.81,10.01
2017/12/26,9.87,10.88,9.82,10.88
2017/12/27,10.73,10.78,10.01,10.18
2017/12/28,9.88,10.18,9.81,10.1
2017/12/29,9.89,10.1,9.74,9.93
2018/1/2,10.17,10.42,10.07,10.42
2018/1/3,10.24,10.73,10.17,10.24
2018/1/4,10.15,10.37,9.88,9.88
2018/1/5,9.95,10.07,9.62,9.62
2018/1/8,9.95,10.52,9.95,10.52
2018/1/9,10.03,10.12,9.81,9.81
2018/1/10,9.99,10.25,9.67,10.25
2018/1/11,9.87,10.01,9.61,9.7
2018/1/12,9.51,9.59,8.96,8.96
2018/1/15,8.44,8.86,7.82,7.82
2018/1/16,9,9.2,8.3,8.82
2018/1/17,9.49,9.86,8.96,8.96
2018/1/18,9.51,10.41,9.36,9.66
2018/1/19,10.1,10.17,9.89,9.89
2018/1/22,10.69,11.04,10.69,10.86
2018/1/23,11.19,11.37,10.99,11.18
2018/1/24,11.29,11.34,10.96,10.97
2018/1/25,11.05,11.43,10.72,11.38
2018/1/26,11.39,11.58,11.22,11.38
2018/1/29,11.92,12.05,11.72,11.73
2018/1/30,12.02,12.44,11.78,12.44
2018/1/31,12.39,12.76,12.11,12.58
2018/2/1,12.33,13,12.13,13
2018/2/2,12.76,12.82,12.32,12.32
2018/2/5,14.62,15.78,14.2,14.2
2018/2/6,20.22,54.92,20.22,30.07
2018/2/7,24.12,24.66,19.93,23.17
2018/2/8,20.34,21.82,20.23,21.82
2018/2/9,34.46,34.46,25.3,26.76
2018/2/12,25.93,25.93,23.68,24.01
2018/2/21,21.63,21.63,19.67,20.35
2018/2/22,20.48,20.88,20.24,20.83
2018/2/23,19.6,19.6,18.21,18.49
2018/2/26,17.81,18.08,17.69,18.08
2018/2/27,17.07,18.25,16.83,18.05
2018/3/1,19.8,20.02,19.07,19.75
2018/3/2,21.27,21.75,20.74,20.88
2018/3/5,21,21.54,20.15,21.06
2018/3/6,19.23,19.23,17.89,18.01
2018/3/7,18.44,19.72,17.89,19.72
2018/3/8,18.28,18.38,17.66,17.94
2018/3/9,17.18,17.38,17,17.27
2018/3/12,16.72,16.82,16.3,16.5
2018/3/13,16.47,16.47,15.57,15.64
2018/3/14,16.02,16.81,16.02,16.56
2018/3/15,16.84,16.87,15.79,16.39
2018/3/16,15.99,17.05,15.99,16.41
2018/3/19,17.25,17.47,16.69,16.86
2018/3/20,17.6,18,17.39,17.77
2018/3/21,17.44,17.62,17.11,17.23
2018/3/22,16.45,16.45,14.91,16.13
2018/3/23,20.98,20.98,18.99,20.98
2018/3/26,21.57,21.57,19.08,19.08
2018/3/27,17.46,17.71,17.17,17.22
2018/3/28,18.77,20.02,18.44,19.86
2018/3/29,19.5,20.03,19.07,19.61
2018/3/30,18.06,18.16,17.46,17.82
2018/3/31,17.55,17.81,17.51,17.67
2018/4/2,18.28,18.8,17.9,18.62
2018/4/3,19.67,19.76,18.59,19.11
2018/4/9,19.03,19.03,17.86,17.97
2018/4/10,18.03,18.03,16.61,17.13
2018/4/11,16.87,16.95,16.18,16.27
2018/4/12,15.88,16.53,15.61,16.53
2018/4/13,15.56,15.91,15.14,15.91
2018/4/16,15.49,16.7,15.07,16.7
2018/4/17,15.1,16.71,14.96,16.71
2018/4/18,15.19,15.88,14.65,15.88
2018/4/19,14.7,14.7,13.6,13.83
2018/4/20,14.56,14.92,14.09,14.87
2018/4/23,16.08,16.08,15.36,15.56
2018/4/24,15.12,15.87,14.95,15.55
2018/4/25,16.29,16.74,15.64,16.15
2018/4/26,15.34,16.46,15.29,16.46
2018/4/27,15.59,15.96,15.06,15.44
2018/4/30,15.18,15.52,14.4,14.66
2018/5/2,14.92,14.93,14.64,14.81
2018/5/3,15.01,17.35,14.75,15.78
2018/5/4,15.18,16.37,14.71,15.13
2018/5/7,14.48,14.98,14.4,14.64
2018/5/8,14.52,14.56,13.77,14.06
2018/5/9,13.71,13.72,13.3,13.65
2018/5/10,13.15,13.32,12.95,13.03
2018/5/11,12.91,13.07,12.84,12.89
2018/5/14,13.07,13.28,12.61,12.81
2018/5/15,12.73,13.27,12.64,12.94
2018/5/16,13.59,13.6,13.03,13.03
2018/5/17,12.97,13.23,12.84,13.23
2018/5/18,13.09,13.29,12.72,13.29
2018/5/21,13.18,13.18,12.81,13.09
2018/5/22,12.89,13.02,12.75,12.91
2018/5/23,12.78,13.55,12.77,13.55
2018/5/24,13.24,13.72,13.16,13.27
2018/5/25,13.42,13.5,12.96,13.05
2018/5/28,13.05,13.3,13.02,13.09
2018/5/29,13.24,13.48,13.18,13.28
2018/5/30,14.39,15,14.17,15
2018/5/31,13.78,14,13.61,14
2018/6/1,13.8,14.13,13.12,14.13
2018/6/4,13.64,13.83,13.31,13.83
2018/6/5,13.8,14.02,13.45,14.02
2018/6/6,13.67,13.73,13.33,13.56
2018/6/7,13.68,13.91,13.11,13.2
2018/6/8,13.6,13.81,13.27,13.81
2018/6/11,13.86,14.45,13.8,14.45
2018/6/12,14.49,14.55,14.15,14.42
2018/6/13,14.19,14.36,14.01,14.01
2018/6/14,14.31,14.35,13.87,14.21
2018/6/15,14.21,14.9,13.81,14.13
2018/6/19,15.34,16.54,15.2,16.54
2018/6/20,16,16.31,15.6,16.28
2018/6/21,15.69,15.69,14.83,15.02
2018/6/22,15.6,15.92,15.28,15.55
2018/6/25,16.11,16.59,15.9,16.59
2018/6/26,16.55,16.73,15.86,16.23
2018/6/27,15.84,15.84,15.38,15.84
2018/6/28,16.77,16.88,16.02,16.79
2018/6/29,16.54,18.37,15.43,15.82
2018/7/2,16.05,17.16,15.31,17.16
2018/7/3,16.23,17.35,15.79,17.31
2018/7/4,17.09,17.26,16.18,17.26
2018/7/5,16.61,17.83,16.41,17.83
2018/7/6,17.19,17.41,16.57,16.87
2018/7/9,16.13,16.13,15.13,15.18
2018/7/10,14.44,14.52,14.01,14.52
2018/7/11,15.11,15.77,14.62,15.69
2018/7/12,15.16,15.18,13.85,14.04
2018/7/13,13.86,14.02,13.29,13.31
2018/7/16,13.73,14.02,13.63,13.93
2018/7/17,13.92,14.07,13.66,13.86
2018/7/18,13.69,14.25,13.25,14.25
2018/7/19,13.55,14.19,13.29,14.19
2018/7/20,13.31,13.91,13.25,13.83
2018/7/23,13.94,14.49,13.87,14.49
2018/7/24,14.13,14.17,13.49,14.17
2018/7/25,13.73,14.28,13.57,14.28
2018/7/26,13.56,13.68,13.29,13.29
2018/7/27,13.32,13.37,12.9,12.9
2018/7/30,13.59,13.79,13.49,13.7
2018/7/31,13.86,13.87,13.28,13.43
2018/8/1,13.32,13.36,12.81,12.83
2018/8/2,12.79,14.41,12.74,14.38
2018/8/3,13.71,13.83,13.27,13.33
2018/8/6,13.78,14,13.21,13.23
2018/8/7,13.37,13.4,12.86,12.89
2018/8/8,12.67,12.67,12.04,12.36
2018/8/9,12.4,12.65,11.87,12.55
2018/8/10,12.63,13.06,11.77,13.06
2018/8/13,13.78,16.69,13.78,15.51
2018/8/14,14.56,15.2,14.25,14.44
2018/8/15,14.4,16,14.4,16
2018/8/16,16.4,16.77,15.31,16.56
2018/8/17,15.23,15.6,14.71,15.6
2018/8/20,15.19,15.33,14.5,14.95
2018/8/21,14.56,14.58,13.33,13.88
2018/8/22,14,14,13.33,13.73
2018/8/23,13.29,13.37,12.63,12.75
2018/8/24,12.89,13.41,12.71,13.16
2018/8/27,12.62,12.97,12.28,12.97
2018/8/28,12.11,12.53,12.11,12.31
2018/8/29,13.23,13.36,12.16,12.56
2018/8/30,12.47,13.42,12.24,12.55
2018/8/31,13.03,13.23,12.61,13.23
2018/9/3,13.09,14.09,13.09,14.09
2018/9/4,13.1,13.51,13.04,13.25
2018/9/5,13.46,13.94,13.31,13.84
2018/9/6,14.15,14.69,14.06,14.5
2018/9/7,14.99,15.1,14.37,14.67
2018/9/10,14.44,15.73,14.44,15.32
2018/9/11,15.21,15.58,14.8,15.01
2018/9/12,14.87,15.06,14.71,14.89
2018/9/13,14.24,14.47,14.09,14.17
2018/9/14,13.52,13.74,12.76,12.83
2018/9/17,13.39,13.9,13.31,13.74
2018/9/18,14.1,14.21,13.75,13.98
2018/9/19,13.91,14.02,13.23,13.23
2018/9/20,12.83,13.17,12.78,13.09
2018/9/21,12.91,13.18,12.58,12.85
2018/9/25,13.35,13.39,12.94,13.14
2018/9/26,13.11,13.33,12.86,13.33
2018/9/27,13.12,13.21,12.72,12.82
2018/9/28,12.62,13.04,12.43,13.04
2018/10/1,12.95,13.38,12.76,13.38
2018/10/2,12.95,13.92,12.93,13.92
2018/10/3,13.49,13.85,13.19,13.62
2018/10/4,13.77,15.08,13.77,15.08
2018/10/5,14.93,17.11,14.79,17.11
2018/10/8,17.63,18.28,16.89,18.28
2018/10/9,17.48,18.04,17.33,18.04
2018/10/11,26.99,27.14,19.98,25.87
2018/10/12,23.22,23.29,20.35,22.06
2018/10/15,23.83,24.12,23.45,23.96
2018/10/16,23,23.08,21.71,22.31
2018/10/17,19.97,22.01,19.73,21.04
2018/10/18,21.52,22.7,21.1,22.46
2018/10/19,23.39,23.86,22.09,22.09
2018/10/22,23.34,23.54,21.62,22.75
2018/10/23,23.12,24.41,22.53,24.41
2018/10/24,22.66,23.94,22.19,23.06
2018/10/25,25.98,25.98,24.36,24.65
2018/10/26,24.49,26.66,24.23,25.61
2018/10/29,24.42,25.51,24.32,25.09
2018/10/30,24.39,24.75,23.95,24.39
2018/10/31,23.16,23.34,22.52,23.05
2018/11/1,22.05,22.59,21.58,22.59
2018/11/2,21.71,22.47,21.61,22.47
2018/11/5,23.58,23.95,23.15,23.65
2018/11/6,23.04,24.19,22.89,24.19
2018/11/7,23.23,23.32,21.14,21.91
2018/11/8,19.17,19.86,19.17,19.39
2018/11/9,18.99,20.7,18.95,20.7
2018/11/12,20.78,20.88,19.69,20.45
2018/11/13,23.06,23.22,20.47,21.16
2018/11/14,20.25,21.02,20.24,20.4
2018/11/15,20.18,21.38,19.94,20.45
2018/11/16,19.93,21.04,19.93,20.88
2018/11/19,20.97,21.29,20.61,20.61
2018/11/20,21.29,21.7,20.73,21.66
2018/11/21,22.51,22.74,20.68,20.79
2018/11/22,19.91,20.31,19.76,19.85
2018/11/23,19.71,21.05,19.61,21.05
2018/11/26,20.14,20.14,19.06,19.69
2018/11/27,19.93,20.42,18.78,18.97
2018/11/28,18.96,19.3,18.33,18.66
2018/11/29,18.65,19.17,18.37,19.17
2018/11/30,18.79,19.72,18.63,19.72
2018/12/3,18.13,18.14,17.04,17.34
2018/12/4,17.39,17.54,16.9,17.43
2018/12/5,18.87,19.31,18.51,19.1
2018/12/6,20.49,22.24,20.33,21.92
2018/12/7,21.33,21.53,20.74,21.53
2018/12/10,23.45,23.46,22.15,22.74
2018/12/11,22.17,22.26,21.06,21.62
2018/12/12,20.45,20.82,19.56,19.72
2018/12/13,19.84,19.93,19.13,19.46
2018/12/14,19.96,21.37,19.96,20.15
2018/12/17,20.77,20.94,19.78,20
2018/12/18,20.04,20.86,19.98,20.47
2018/12/19,19.96,20.27,19.57,19.7
2018/12/20,20.23,20.94,19.76,20.82
2018/12/21,21.21,21.53,20.04,20.13
2018/12/22,21.05,21.08,20.81,21.07
2018/12/24,21.37,21.4,20.49,20.49
2018/12/25,22.45,22.66,21.71,21.83
2018/12/26,21.68,23,21.35,22.91
2018/12/27,20.8,21.14,20.03,20.38
2018/12/28,20.02,20.42,20,20.37
2019/1/2,19.58,21.96,19.58,21.4
2019/1/3,21.72,21.8,20.41,21.03
2019/1/4,21.36,21.61,20.29,20.45
2019/1/7,19.28,19.43,18.35,18.46
2019/1/8,18.01,18.41,17.94,17.94
2019/1/9,17.41,17.52,16.61,16.74
2019/1/10,16.75,17.03,16.66,16.69
2019/1/11,16.33,16.69,15.99,16.6
2019/1/14,16.57,17.36,16.35,16.79
2019/1/15,16.79,16.79,15.91,15.91
2019/1/16,16.58,16.86,15.98,15.98
2019/1/17,15.86,16.34,15.51,15.8
2019/1/18,15.51,15.81,14.86,14.9
2019/1/21,15.42,15.51,15.12,15.46
2019/1/22,15.62,15.78,15.44,15.68
2019/1/23,15.83,15.91,15,15.05
2019/1/24,15.06,15.06,14.35,14.47
2019/1/25,14.11,14.22,13.83,13.99
2019/1/28,14.51,14.86,14.42,14.64
2019/1/29,15.22,15.65,15.06,15.24
2019/1/30,15.8,16.07,15.47,15.76
2019/2/11,15.3,15.32,14.63,14.75
2019/2/12,14.28,14.32,13.97,14.13
2019/2/13,13.92,14.68,13.9,14.45
2019/2/14,14.5,14.72,14.07,14.24
2019/2/15,14.62,15.41,14.47,15.3
2019/2/18,14.92,15.01,14.35,14.95
2019/2/19,14.63,14.92,14.61,14.84
2019/2/20,14.2,14.22,13.72,13.96
2019/2/21,13.79,14.07,13.21,13.27
2019/2/22,13.52,13.77,13.05,13.05
2019/2/25,13.3,13.34,12.62,12.71
2019/2/26,13.05,13.35,12.89,13.29
2019/2/27,13.21,13.55,12.77,12.77
2019/3/4,13.58,14.15,13.51,13.51
2019/3/5,13.98,14.17,13.74,13.77
2019/3/6,13.77,13.77,13.37,13.39
2019/3/7,13.5,14.2,13.37,14.16
2019/3/8,14.61,14.87,13.79,14.21
2019/3/11,14.85,14.92,14.01,14.13
2019/3/12,13.01,13.11,12.71,12.71
2019/3/13,13.07,13.43,12.78,12.78
2019/3/14,12.8,13.09,12.68,12.86
2019/3/15,12.66,12.72,11.4,11.66
2019/3/18,12,12.56,11.95,12.54
2019/3/19,12.75,12.78,12.36,12.46
2019/3/20,12.7,13.05,12.66,12.75
2019/3/21,12.77,12.82,12.41,12.41
2019/3/22,12.47,12.56,11.99,11.99
2019/3/25,14,14.45,13.68,14.27
2019/3/26,13.41,13.62,13.15,13.42
2019/3/27,13.76,13.81,13.35,13.35
2019/3/28,13.9,14.03,13.6,13.6
2019/3/29,13.5,13.92,13.2,13.39
2019/4/1,13.47,13.72,13.33,13.64
2019/4/2,13.56,13.59,13.21,13.32
2019/4/3,13.29,13.87,13.06,13.06
2019/4/8,13.43,13.9,13.29,13.75
2019/4/9,13.73,13.82,13.13,13.13
2019/4/10,13.49,13.52,12.92,13.12
2019/4/11,13.08,13.71,12.81,13.43
2019/4/12,13.32,13.58,13.01,13.13
2019/4/15,13.18,13.38,12.8,12.88
2019/4/16,12.89,12.94,12.5,12.66
2019/4/17,12.69,13,12.46,12.96
2019/4/18,13.12,13.71,12.94,13.67
2019/4/19,12.94,13.49,12.9,12.91
2019/4/22,13.32,13.77,13.23,13.49
2019/4/23,13.64,13.9,13.09,13.09
2019/4/24,13.14,13.84,13.07,13.3
2019/4/25,13.52,13.52,12.94,13.03
2019/4/26,13.57,13.94,13.5,13.57
2019/4/29,14.1,14.4,13.8,14.4
2019/4/30,14.16,14.28,13.71,13.75
2019/5/2,13.92,13.99,13.03,13.03
2019/5/3,13.13,13.31,12.41,12.41
2019/5/6,15.53,16.72,15.07,16.45
2019/5/7,15.51,15.8,14.92,15.8
2019/5/8,17.33,17.56,16.02,16.28
2019/5/9,17.29,18.5,17.15,18.33
2019/5/10,17.91,19.59,17.01,18.6
2019/5/13,19.62,20.17,19.18,19.48
2019/5/14,20.22,20.71,18.08,18.44
2019/5/15,17.69,17.71,15.71,16.05
2019/5/16,16.39,16.94,15.7,16.31
2019/5/17,15.34,16.78,15.16,16.65
2019/5/20,16.05,16.79,15.77,16.03
2019/5/21,16.4,16.5,14.93,15.22
2019/5/22,15.23,15.3,14.58,14.76
2019/5/23,15.66,16.47,15.63,16.32
2019/5/24,16.33,16.43,15.82,16.21
2019/5/27,16.23,16.93,16.11,16.12
2019/5/28,15.93,16.31,15.88,16.02
2019/5/29,16.89,16.95,16.04,16.11
2019/5/30,16.24,16.24,15.57,15.69
2019/5/31,15.89,16.09,15.53,16.01
2019/6/3,16.72,17.24,16.41,16.41
2019/6/4,16.57,16.79,16.22,16.41
2019/6/5,15.93,16.21,15.65,15.93
2019/6/6,16.35,16.42,15.47,15.58
2019/6/10,15.56,15.68,14.67,14.67
2019/6/11,14.69,14.76,14.19,14.19
2019/6/12,14.43,14.54,13.86,14.14
2019/6/13,14.25,15.03,14.21,14.45
2019/6/14,14.65,14.86,14.28,14.52
2019/6/17,15.34,15.54,14.36,14.47
2019/6/18,14.16,14.45,13.96,14.08
2019/6/19,14.27,14.35,13.87,13.87
2019/6/20,13.89,13.9,13.21,13.44
2019/6/21,13.87,14.38,13.84,14.38
2019/6/24,14.68,14.76,14.23,14.46
2019/6/25,14.58,14.88,14.5,14.66
2019/6/26,15.05,15.16,14.86,15.06
2019/6/27,14.88,14.88,14.23,14.62
2019/6/28,14.9,15.08,14.82,14.88
2019/7/1,13.83,13.83,13.34,13.34
2019/7/2,13.37,13.4,13.05,13.05
2019/7/3,13.57,13.83,13.17,13.63
2019/7/4,13.42,13.51,12.86,12.86
2019/7/5,13.12,13.2,12.7,12.76
2019/7/8,13.6,13.6,13.28,13.35
2019/7/9,13.38,13.46,12.83,12.83
2019/7/10,12.55,12.55,12.17,12.17
2019/7/11,12.05,12.4,11.95,12.14
2019/7/12,12.12,12.39,11.83,12.01
2019/7/15,12.01,12.37,11.53,11.73
2019/7/16,11.67,11.87,11.43,11.76
2019/7/17,12.01,12.49,12.01,12.32
2019/7/18,12.37,12.42,12.02,12.33
2019/7/19,11.77,11.95,11.56,11.58
2019/7/22,12.49,12.49,12,12.26
2019/7/23,12.23,12.36,12.06,12.06
2019/7/24,12.23,12.27,12,12.17
2019/7/25,12.22,12.4,12.04,12.2
2019/7/26,12.7,12.79,12.43,12.62
2019/7/29,13.7,13.82,13.36,13.41
2019/7/30,13.13,13.59,13.11,13.49
2019/7/31,13.61,13.84,13.28,13.52
2019/8/1,14.18,14.36,13.52,13.71
2019/8/2,15.35,16.18,15.08,16.18
2019/8/5,16.85,18.15,16.37,18.15
2019/8/6,21.24,21.24,17.17,18.17
2019/8/7,17.63,18.16,17.08,17.59
2019/8/8,17.18,17.22,15.71,16.28
2019/8/12,16.31,16.46,15.43,15.75
2019/8/13,16.76,16.87,16.12,16.57
2019/8/14,15.39,16.42,15.32,15.99
2019/8/15,18.44,18.66,17.26,17.55
2019/8/16,17.54,17.78,16.17,16.99
2019/8/19,16.81,16.9,15.76,16.04
2019/8/20,15.57,15.6,14.91,15.01
2019/8/21,15.16,15.26,14.48,14.99
2019/8/22,14.36,15.01,14.01,15.01
2019/8/23,14.59,14.74,14.4,14.42
2019/8/26,16.88,17.92,16.47,17.92
2019/8/27,16.3,16.32,15.73,16.32
2019/8/28,15.5,16.01,15.24,16.01
2019/8/29,15.87,16.22,15.57,15.63
2019/8/30,14.67,14.79,14.03,14.41
2019/9/2,14.74,14.74,13.67,13.78
2019/9/3,13.97,14.66,13.83,14.5
2019/9/4,14.18,14.18,13.32,13.52
2019/9/5,12.9,13.7,12.84,13.65
2019/9/6,13.25,13.77,13.1,13.24
2019/9/9,13.26,13.6,13.21,13.25
2019/9/10,13.33,13.67,13.3,13.45
2019/9/11,13.33,13.67,13.21,13.38
2019/9/12,13.13,13.45,12.84,13.35
2019/9/16,13.96,14.02,13.41,13.88
2019/9/17,13.67,14.16,13.57,13.61
2019/9/18,13.6,13.86,13.47,13.64
2019/9/19,13.32,14,13.27,13.7
2019/9/20,13.93,13.98,13.57,13.7
2019/9/23,14.49,14.74,14.12,14.74
2019/9/24,14.55,14.8,14.35,14.65
2019/9/25,15.08,15.18,14.59,14.61
2019/9/26,14.3,14.6,14.1,14.55
2019/9/27,14.29,14.71,14.22,14.5
2019/10/1,14.53,14.56,13.62,13.62
2019/10/2,14.38,14.69,14.12,14.69
2019/10/3,16.16,16.16,15.24,15.54
2019/10/4,15.03,15.19,14.46,14.46
2019/10/7,14.85,14.98,14.23,14.43
2019/10/8,14.11,14.46,13.95,14.07
2019/10/9,14.5,15.16,14.3,15.15
2019/10/14,13.2,13.85,13.1,13.27
2019/10/15,13.02,13.33,12.7,12.7
2019/10/16,12.88,13.57,12.83,12.92
2019/10/17,12.87,13.02,12.38,12.54
2019/10/18,12.29,12.59,11.96,12.49
2019/10/21,12.99,13.12,12.86,13.02
2019/10/22,12.57,12.6,11.99,12.06
2019/10/23,12.08,12.43,12.04,12.16
2019/10/24,12,12.07,11.56,11.56
2019/10/25,11.95,12.05,11.8,11.84
2019/10/28,12.1,12.24,11.9,11.99
2019/10/29,11.85,12.26,11.8,12.14
2019/10/30,12.25,12.44,12.12,12.19
2019/10/31,12.05,12.29,11.92,12.25
2019/11/1,12.35,12.56,11.93,11.93
2019/11/4,12.36,13.46,12.22,13.05
2019/11/5,13.29,14.1,13.29,14.1
2019/11/6,14.26,14.64,14.06,14.35
2019/11/7,14.41,14.42,13.3,13.3
2019/11/8,13.17,13.61,13.07,13.36
2019/11/11,13.94,14.71,13.92,14.49
2019/11/12,14.12,14.2,13.68,13.68
2019/11/13,13.93,14.33,13.86,14.07
2019/11/14,13.77,14.16,13.63,13.82
2019/11/15,13.66,13.91,13.15,13.15
2019/11/18,14.27,14.32,13.57,13.57
2019/11/19,13.69,13.79,13.51,13.56
2019/11/20,13.86,14.14,13.37,13.69
2019/11/21,14.55,15.36,14.27,14.28
2019/11/22,14.14,14.21,13.43,13.46
2019/11/25,13.92,14.16,13.7,13.93
2019/11/26,13.65,13.86,13.29,13.42
2019/11/27,13.65,13.74,13.22,13.22
2019/11/28,13.4,13.82,13.36,13.4
2019/11/29,13.53,14.84,13.22,14.84
2019/12/2,14.69,15.03,14.41,14.44
2019/12/3,14.84,14.85,14.06,14.08
2019/12/4,14.48,14.76,14.32,14.32
2019/12/5,14.14,14.14,13.44,13.49
2019/12/6,13.27,13.34,13.03,13.03
2019/12/9,13.58,13.82,13.51,13.57
2019/12/10,13.88,14.21,13.84,14.11
2019/12/11,14.42,14.58,13.43,13.43
2019/12/12,13.26,14.07,13.09,13.9
2019/12/13,14.14,14.65,13.94,14.35
2019/12/16,14.69,14.69,14.18,14.21
2019/12/17,13.93,14.35,13.85,14.22
2019/12/18,14.44,14.6,14.18,14.6
2019/12/19,14.58,14.77,14.46,14.51
2019/12/20,14.53,14.75,14.07,14.19
2019/12/23,14.68,14.74,14.33,14.47
2019/12/24,14.36,14.53,14.19,14.41
2019/12/25,14.57,14.61,14.14,14.14
2019/12/26,14.25,14.58,14.21,14.25
2019/12/27,14.27,14.33,13.97,14.04
2019/12/30,14.47,14.5,14.28,14.43
2019/12/31,14.78,14.8,14.47,14.71
2020/1/2,14.39,14.81,14.09,14.32
2020/1/3,14.16,15.42,14.1,14.81
2020/1/6,15.82,15.98,14.83,15.04
2020/1/7,14.28,15.09,14.23,14.34
2020/1/8,15.8,15.8,14.2,15.24
2020/1/9,13.78,13.94,13.02,13.02
2020/1/10,13.61,13.71,12.98,12.98
2020/1/13,12.06,12.65,11.26,11.26
2020/1/14,11.4,12.19,11.26,11.64
2020/1/15,11.95,12.52,11.83,11.86
2020/1/16,12.29,12.38,11.94,11.94
2020/1/17,11.77,12.36,11.68,11.92
2020/1/20,12.58,12.82,12.38,12.57
2020/1/30,16.04,19.81,16.02,19.81
2020/1/31,18.18,19.15,17.49,19.15
2020/2/3,21.24,22.05,19.78,20.26
2020/2/4,18.79,18.83,17.98,18.76
2020/2/5,18.52,18.95,18.1,18.65
2020/2/6,18.12,18.15,17.45,17.96
2020/2/7,18.3,19.11,18.24,18.78
2020/2/10,20.55,20.57,19.12,19.33
2020/2/11,18.16,18.24,17.22,17.53
2020/2/12,17.25,17.26,16.27,16.43
2020/2/13,16.59,16.73,16.04,16.52
2020/2/14,16.47,16.53,15.37,15.75
2020/2/17,16.78,16.81,15.99,16.2
2020/2/18,16.46,17.22,16.26,17.14
2020/2/20,15.25,16,15.01,15.7
2020/2/21,15.83,16.72,15.52,16.72
2020/2/24,18.3,18.94,17.94,18.43
2020/2/25,19.45,19.45,18.06,18.52
2020/2/26,20.25,20.45,19.29,20
2020/2/27,20.78,23.66,20.37,22.92
2020/3/2,26.4,26.4,24.22,25.25
2020/3/3,21.7,22.91,21.44,22.91
2020/3/4,22.14,22.96,22.07,22.55
2020/3/5,20.34,20.34,19.11,19.37
2020/3/6,20.23,22.93,20.13,22.93
2020/3/9,26.29,28.72,25.22,28.36
2020/3/10,28.69,28.69,26.58,26.75
2020/3/11,26.58,29.49,26.28,29.49
2020/3/12,30.03,36.77,30,33.27
2020/3/13,43.09,44.29,37.24,39.76
2020/3/16,43.37,44.65,42.66,44.65
2020/3/17,49.87,50.71,47.11,48.54
2020/3/18,48.17,51.83,47.85,47.85
2020/3/19,49.69,53.34,49.05,51.14
2020/3/20,53.99,54.95,50.59,51.66
2020/3/23,55.95,56.58,52.4,53.84
2020/3/24,48.41,48.48,42.98,44.78
2020/3/25,42.87,43.23,40.95,42.43
2020/3/26,42.31,44,42.31,44
2020/3/27,42.24,45.12,41.85,45.12
2020/3/30,47.74,48.28,44.36,44.59
2020/3/31,42.91,44.95,42.81,44.65
2020/4/1,43.2,43.53,41.51,42.41
2020/4/6,38.11,39.67,35.53,35.81
2020/4/7,33.6,33.95,33.16,33.25
2020/4/8,33.66,33.75,32.94,33.73
2020/4/9,31.91,33.14,31.19,32.91
2020/4/10,33.17,33.24,30.9,30.9
2020/4/13,34.13,35.08,32.54,32.54
2020/4/14,30.2,30.22,28.45,29.38
2020/4/15,27.22,28.68,26.79,26.84
2020/4/16,30.25,30.46,28.03,28.22
2020/4/17,26.34,28.67,25.96,27.04
2020/4/20,28.89,29.59,28.35,28.65
2020/4/21,30.06,34.76,29.25,33.96
2020/4/22,34.91,35.55,33.04,33.46
